Category,Product Name,Price,Review
Mobile,"Samsung Galaxy M05 (Mint Green, 4GB RAM, 64 GB Storage) | 50MP Dual Camera | Bigger 6.7"" HD+ Display | 5000mAh Battery | 25W Fast Charging | 2 Gen OS Upgrade & 4 Year Security Update | Without Charger","6,249",4.0 out of 5 stars
Mobile,"Redmi A4 5G (Starry Black, 4GB RAM, 128GB Storage) | Global Debut SD 4s Gen 2 | Segment Largest 6.88in 120Hz | 50MP Dual Camera | 18W Fast Charging","8,798",3.9 out of 5 stars
Mobile,"Redmi 13 5G Prime Edition, Hawaiian Blue, 8GB+128GB | India Debut SD 4 Gen 2 AE | 108MP Pro Grade Camera | 6.79in Largest Display in Segment","11,699",4.0 out of 5 stars
Mobile,"Redmi 13 5G Prime Edition, Black Diamond, 8GB+128GB | India Debut SD 4 Gen 2 AE | 108MP Pro Grade Camera | 6.79in Largest Display in Segment","11,699",4.0 out of 5 stars
Mobile,"iQOO Z10 Lite 5G (Titanium Blue, 8GB RAM, 256GB Storage) | 6000 mAh Battery | Dimensity 6300 5G Processor with 433K+* AnTuTu Score | IP64 Rated & Military Grade Shock-Resistance*","12,998",4.1 out of 5 stars
Mobile,"iQOO Z10 Lite 5G (Cyber Green, 6GB RAM, 128GB Storage) | 6000 mAh Battery | Dimensity 6300 5G Processor with 433K+* AnTuTu Score | IP64 Rated & Military Grade Shock-Resistance*","10,998",4.1 out of 5 stars
Mobile,"Samsung Galaxy M35 5G (DayBreak Blue,8GB RAM,128GB Storage)| Corning Gorilla Glass Victus+| AnTuTu Score 595K+| Vapour Cooling Chamber| 6000mAh Battery| 120Hz Super AMOLED Display| AI| Without Charger","16,499",4.2 out of 5 stars
Mobile,"OnePlus Nord CE4 Lite 5G (Super Silver, 8GB RAM, 128GB Storage) | Lifetime Display Warranty | 5500 mAh Battery, 80W SUPERVOOC and Reverse Charging | 50MP Camera with OIS | 120Hz AMOLED Display","16,999",4.1 out of 5 stars
Mobile,POCO M6 Plus 5G Misty Lavender 8GB RAM 128GB ROM,"10,499",3.9 out of 5 stars
Mobile,"Samsung Galaxy M06 5G (Sage Green, 6GB RAM, 128 GB Storage) | MediaTek Dimensity 6300 | AnTuTu Score 422K+ | 12 5G Bands| 25W Fast Charging | 4 Gen. of OS Upgrades | Without Charger","9,999",3.8 out of 5 stars
Mobile,"Samsung Galaxy A55 5G (Awesome Navy, 8GB RAM, 256GB Storage) | AI | Metal Frame | 50 MP Main Camera (OIS) | Super HDR Video| Nightography | IP67 | Corning Gorilla Glass Victus+ | sAMOLED Display","26,999",4.2 out of 5 stars
Mobile,"Samsung Galaxy S24 FE 5G AI Smartphone (Graphite, 8GB RAM, 128GB Storage)","36,499",4.3 out of 5 stars
Mobile,"POCO M7 5G, Ocean Blue (6GB, 128GB)","9,299",4.0 out of 5 stars
Mobile,"iQOO Z10x 5G (Ultramarine, 6GB RAM, 128GB Storage) | 6500 mAh Large Capacity Battery | Dimensity 7300 Processor | Military-Grade Durability","13,498",4.3 out of 5 stars
Mobile,"Redmi A4 5G (Sparkle Purple, 4GB RAM, 64GB Storage) | Global Debut SD 4s Gen 2 | Segment Largest 6.88in 120Hz | 50MP Dual Camera | 18W Fast Charging","7,998",3.9 out of 5 stars
Mobile,"Redmi A4 5G (Starry Black, 4GB RAM, 64GB Storage) | Global Debut SD 4s Gen 2 | Segment Largest 6.88in 120Hz | 50MP Dual Camera | 18W Fast Charging","7,998",3.9 out of 5 stars
Mobile,"Redmi A4 5G (Starry Black, 4GB RAM, 64GB Storage) | Global Debut SD 4s Gen 2 | Segment Largest 6.88in 120Hz | 50MP Dual Camera | 18W Fast Charging","7,998",3.9 out of 5 stars
Mobile,"iQOO Neo 10 (Titanium Chrome, 16GB RAM, 512GB Storage) | Snapdragon 8s Gen 4 Processor & SuperComputing Chip Q1 | 7000 mAh Battery | Segment’s Highest 144 FPS Gaming Smartphone","40,998",4.3 out of 5 stars
Mobile,"Samsung Galaxy A35 5G (Awesome Iceblue, 8GB RAM, 128GB Storage) Without Offer","20,487",4.0 out of 5 stars
Mobile,"Nokia 105 Classic | Single SIM Keypad Phone with Built-in UPI Payments, Long-Lasting Battery, Wireless FM Radio, Without Charger | Charcoal",974,3.8 out of 5 stars
Mobile,"Motorola Edge 50 Fusion 5G (Hot Pink, 12GB RAM, 256GB Storage)","21,999",4.1 out of 5 stars
Mobile,"Redmi A4 5G (Starry Black, 6GB RAM, 128GB Storage) | Global Debut SD 4s Gen 2 | Segment Largest 6.88in 120Hz | 50MP Dual Camera | 18W Fast Charging","9,799",3.9 out of 5 stars
Mobile,"Motorola G05 4G (Forest Green, 4GB RAM, 64GB Storage)","7,340",3.9 out of 5 stars
Mobile,"Nokia 110 with Built-in UPI App and Scan & Pay Feature, MP3 Player, Rear Camera, Long-Lasting Battery, and Voice Recorder | Charcoal","1,449",3.8 out of 5 stars
Mobile,"OnePlus Nord CE4 Lite 5G (Mega Blue, 8GB RAM, 128GB Storage)","16,999",4.1 out of 5 stars
Mobile,POCO M6 Plus 5G Graphite Black 8GB RAM 128GB ROM,"10,499",3.9 out of 5 stars
Mobile,"POCO M7 5G, Satin Black (6GB, 128GB)","9,299",4.1 out of 5 stars
Mobile,"Redmi A4 5G (Sparkle Purple, 6GB RAM, 128GB Storage) | Global Debut SD 4s Gen 2 | Segment Largest 6.88in 120Hz | 50MP Dual Camera | 18W Fast Charging","9,799",3.9 out of 5 stars
Mobile,"Samsung Galaxy A55 5G (Awesome Navy, 8GB RAM, 128GB Storage) | AI | Metal Frame | 50 MP Main Camera (OIS) | Super HDR Video| Nightography | IP67 | Corning Gorilla Glass Victus+ | sAMOLED Display","24,999",4.2 out of 5 stars
Mobile,"Samsung Galaxy S24 5G AI Smartphone (Amber Yellow, 8GB, 128GB Storage)","43,799",4.2 out of 5 stars
Mobile,"Redmi 13 5G Prime Edition, Orchid Pink, 8GB+128GB | India Debut SD 4 Gen 2 AE | 108MP Pro Grade Camera | 6.79in Largest Display in Segment","11,999",4.0 out of 5 stars
Mobile,"iQOO Neo 10 (Titanium Chrome, 8GB RAM, 256GB Storage) | Snapdragon 8s Gen 4 Processor & SuperComputing Chip Q1 | 7000 mAh Battery | Segment’s Highest 144 FPS Gaming Smartphone","33,998",4.3 out of 5 stars
Mobile,"Samsung Galaxy M06 5G (Sage Green, 4GB RAM, 128 GB Storage) | MediaTek Dimensity 6300 | AnTuTu Score 422K+ | 12 5G Bands| 25W Fast Charging | 4 Gen. of OS Upgrades | Without Charger","8,699",3.8 out of 5 stars
Mobile,"POCO C75 5G, Enchanted Green (4GB, 64GB)","7,699",4.1 out of 5 stars
Mobile,"POCO C71, Desert Gold (6GB, 128GB)","7,199",4.3 out of 5 stars
Mobile,"Samsung Galaxy F05 (Twilight Blue, 64 GB) (4 GB RAM)","6,530",3.9 out of 5 stars
Mobile,"iQOO Z10x 5G (Titanium, 8GB RAM, 128GB Storage) | 6500 mAh Large Capacity Battery | Dimensity 7300 Processor | Military-Grade Durability","14,998",4.3 out of 5 stars
Mobile,"Vivo X200 Pro 5G (Cosmos Black, 16GB RAM, 512GB Storage) with No Cost EMI/Additional Exchange Offers","94,999",4.7 out of 5 stars
Mobile,"realme NARZO 80 Lite 4G (Beach Gold, 6GB+128GB) | 6300mAh Segment's Biggest Battery | 7.94mm Slim Design | 300% Ultra Volume | Pulse Light: 9 Colors, 5 Glow Modes | Ai Assist","8,299",4.4 out of 5 stars
Mobile,Redmi A3X Midnight Black 4GB RAM 128GB ROM,"6,984",3.9 out of 5 stars
Mobile,"Samsung Galaxy A55 5G (Awesome Iceblue, 8GB RAM, 128GB Storage) | AI | Metal Frame | 50 MP Main Camera (OIS) | Super HDR Video| Nightography | IP67 | Corning Gorilla Glass Victus+ | sAMOLED Display","24,999",4.2 out of 5 stars
Mobile,"Samsung Galaxy A55 5G (Awesome Iceblue, 12GB RAM, 256GB Storage) | AI | Metal Frame | 50 MP Main Camera (OIS) | Super HDR Video| Nightography | IP67 | Corning Gorilla Glass Victus+ | sAMOLED Display","31,999",4.2 out of 5 stars
Mobile,"Redmi Note 14 5G (Titan Black, 8GB RAM 256GB Storage) | Global Debut MTK Dimensity 7025 Ultra | 2100 nits Segment Brightest 120Hz AMOLED | 50MP Sony LYT 600 OIS+EIS Triple Camera","19,999",3.8 out of 5 stars
Mobile,"HONOR 200 5G (8GB+256GB, Moonlight White) – 50MP+50MP+12MP Triple Camera with Dual OIS | 50MP Selfie | Quad-Curved AMOLED Display | AI-Powered MagicOS 9.0 | Without Charger","22,999",4.1 out of 5 stars
Mobile,POCO M6 Plus 5G Ice Silver 8GB RAM 128GB ROM,"10,499",3.9 out of 5 stars
Mobile,"Oppo K12x 5G Smartphone (8GB RAM + 256GB Storage) | 16.94cm LCD Display, 5100mAh Battery | 45W SUPERVOOC Flash Charge | 360° Damage-Proof Armour Body | Charger in The Box (Breeze Blue)","15,888",4.4 out of 5 stars
Mobile,"Redmi 13 5G, Hawaiian Blue, 6GB+128GB | India Debut SD 4 Gen 2 AE | 108MP Pro Grade Camera | 6.79in Largest Display in Segment","11,499",4.1 out of 5 stars
Mobile,"realme NARZO 80 Lite 5G (Crystal Purple, 6GB+128GB) | 6000mAh Long-Lasting Battery | MediaTek Dimensity 6300 5G | AI Assist | IP64 Rated Water & Dust Resistance | Military-Grade Durability","11,499",4.2 out of 5 stars
Mobile,"OnePlus Nord CE4 (Celadon Marble, 8GB RAM, 128GB Storage) | Lifetime Display Warranty | Qualcomm® Snapdragon™ 7 Gen 3 - Best in The Segment | 50 MP Camera with OIS","19,999",4.3 out of 5 stars
Mobile,"Lava Bold N1 Pro (Titanium Gold, 4 GB RAM, 128 GB Storage)| Bigger 6.67"" HD+ IP54 Display | 120 Hz Refresh Rate | 50 MP AI Triple Rear Camera | 8 MP Front Camera| 5000 mAh Battery | Charger in Box","6,798",3.9 out of 5 stars
Mobile,"iQOO Z10 5G (Silver, 8GB RAM, 128GB Stroage) | India's Biggest Ever 7300 mAh Battery | Snapdragon 7s Gen 3 Processor | Brightest Quad Curved AMOLED Display in The Segment","21,998",4.3 out of 5 stars
Mobile,"Vivo Y39 5G (Ocean Blue, 8GB RAM, 256GB Storage) with No Cost EMI/Additional Exchange Offers","18,999",4.3 out of 5 stars
Mobile,"itel ZENO 10|6.6"" HD+ Display with Dynamic Bar| 4GB RAM +64GB ROM, Upto 12GB RAM with Memory Fusion|Octacore Processor|8MP AI Dual Rear Cam|5000 mAh Battery| Phantom Crystal","5,899",3.8 out of 5 stars
Mobile,"Samsung Galaxy A35 5G (Awesome Iceblue, 8GB RAM, 128GB Storage) | Premium Glass Back | 50 MP Main Camera (OIS) | Nightography | IP67 | Corning Gorilla Glass Victus+ | sAMOLED with Vision Booster","20,990",4.1 out of 5 stars
Mobile,"Infinix Hot 50 5G, Vibrant Blue (8GB, 128GB)","10,499",4.0 out of 5 stars
Mobile,"OnePlus Nord CE4 Lite 5G (Ultra Orange 8GB RAM, 128GB Storage) | Lifetime Display Warranty | 5500 mAh Battery, 80W SUPERVOOC and Reverse Charging | 50MP Camera with OIS | 120Hz AMOLED Display","17,996",4.1 out of 5 stars
Mobile,"iPhone 16e 128 GB: Built for Apple Intelligence, A18 Chip, Supersized Battery Life, 48MP Fusion. Camera, 15.40 cm (6.1″) Super Retina XDR Display; White","53,499",4.4 out of 5 stars
Mobile,OnePlus Nord CE5 | Massive 7100mAh Battery | MediaTek Dimensity 8350 Apex | Powered by OnePlus AI | 8GB + 128GB | Black Infinity,"24,998",4.3 out of 5 stars
Mobile,"Samsung Galaxy S25 Ultra 5G Smartphone with Galaxy AI (Titanium Whitesilver, 12GB RAM, 256GB Storage), Titanium Frame, Snapdragon 8 Elite, 200 MP Camera with ProVisual Engine and 5000mAh Battery","1,09,000",4.3 out of 5 stars
Mobile,"Nokia 105 Classic | Single SIM Keypad Phone with Built-in UPI Payments, Long-Lasting Battery, Wireless FM Radio | Without Charger | Blue",974,3.8 out of 5 stars
Mobile,"OnePlus Nord 4 5G (Oasis Green, 8GB RAM, 256GB Storage) | Lifetime Display Warranty | Qualcomm® Snapdragon™ 7 Plus Gen 3 | ANTUTU Score 1.5Mn+ | OnePlus AI","26,999",4.3 out of 5 stars
Mobile,"OnePlus 13R | Smarter with OnePlus AI | Lifetime Display Warranty (12GB RAM, 256GB Storage Nebula Noir)","39,999",4.3 out of 5 stars
Mobile,"OnePlus Nord CE4 (Dark Chrome, 8GB RAM, 128GB Storage) | Lifetime Display Warranty | Qualcomm® Snapdragon™ 7 Gen 3 - Best in The Segment | 50 MP Camera with OIS","19,999",4.3 out of 5 stars
Mobile,"Moto G85 5G (8GB 128GB, Urban Grey, New)","16,694",4.2 out of 5 stars
Mobile,"Tecno POP 9 (Magic Skin Green, 3GB+64GB) |India's 1st Mediatek G50 | IP54 Rated | IR Remote | Dual Speaker with DTS | 36 Month Lag Free Fluency | 15W Fast Charging Support | 5000 mAh Battery","6,099",4.1 out of 5 stars
Mobile,"Nokia 220 4G | All-New 4G Keypad Phone with Dual SIM, Built-in UPI App, Wireless FM Radio, MP3 Player, Bluetooth & USB Type C | Black","3,099",3.5 out of 5 stars
Mobile,"iQOO Z10 Lite 5G (Cyber Green, 4GB RAM, 128GB Storage) | 6000 mAh Battery | Dimensity 6300 5G Processor with 433K+* AnTuTu Score | IP64 Rated & Military Grade Shock-Resistance*","9,998",4.1 out of 5 stars
Mobile,"Motorola Moto G85 5G (128, Cobalt Blue, New)","16,245",4.2 out of 5 stars
Mobile,"iQOO Z10x 5G (Titanium, 8GB RAM, 256GB Storage) | 6500 mAh Large Capacity Battery | Dimensity 7300 Processor | Military-Grade Durability","16,498",4.3 out of 5 stars
Mobile,"POCO C75 5G, Aqua Bliss (4GB, 64GB)","7,699",4.1 out of 5 stars
Mobile,"Motorola G96 5G (Greener Pastures, 8GB RAM, 128GB Storage) | Snapdragon Processor | 108MP Triple Camera | 5000mAh | 120Hz FHD+ Display","18,350",3.6 out of 5 stars
Mobile,"iQOO Neo 10R 5G (Raging Blue, 8GB RAM, 256GB Storage) | Snapdragon 8s Gen 3 Processor | India's Slimmest 6400mAh Battery Smartphone | Segment's Most Stable 90FPS for 5 Hours","28,999",4.4 out of 5 stars
Mobile,"POCO C71, Cool Blue (6GB, 128GB)","7,341",3.9 out of 5 stars
Mobile,"realme P1 Speed 5G (Brushed Blue, 12GB RAM, 256GB Storage)| 24GB DRAM | Expandable Upto 2TB | 6.67"" Full HD+ Display | 50MP + 2MP Rear Camera | 16MP Front Camera | Dimensity 7300 Energy Processor","16,726",4.1 out of 5 stars
Mobile,"Vivo V50 5G (Starry Night, 12GB RAM, 512GB Storage) with No Cost EMI/Additional Exchange Offers","38,999",4.3 out of 5 stars
Mobile,"Samsung Galaxy A36 5G (Awesome Lavender, 12GB, 256GB) | Gemini Live | Awesome Intelligence (AI): Circle to Search, My Filter, Object Eraser | 4nm Snapdragon Processor | Flagship Grade Camera",N/A,4.0 out of 5 stars
Mobile,Apple iPhone 15 (128 GB) - Black,"61,499",4.5 out of 5 stars
Mobile,"Tecno POP 9 (Glittery White, 3GB+64GB) |India's 1st Mediatek G50 | IP54 Rated | IR Remote | Dual Speaker with DTS | 36 Month Lag Free Fluency | 15W Fast Charging Support | 5000 mAh Battery","6,099",4.1 out of 5 stars
Mobile,"Lava Bold N1 Pro (Stealth Black, 4 GB RAM, 128 GB Storage)| Bigger 6.67"" HD+ IP54 Display | 120 Hz Refresh Rate | 50 MP AI Triple Rear Camera | 8 MP Front Camera| 5000 mAh Battery| Charger in Box","6,798",3.9 out of 5 stars
Mobile,"iQOO Z10 Lite 5G (Cyber Green, 8GB RAM, 256GB Storage) | 6000 mAh Battery | Dimensity 6300 5G Processor with 433K+* AnTuTu Score | IP64 Rated & Military Grade Shock-Resistance*","12,998",4.1 out of 5 stars
Mobile,"iQOO Z10 Lite 5G (Cyber Green, 8GB RAM, 256GB Storage) | 6000 mAh Battery | Dimensity 6300 5G Processor with 433K+* AnTuTu Score | IP64 Rated & Military Grade Shock-Resistance*","12,998",4.1 out of 5 stars
Mobile,"Motorola G45 5G (Viva Magenta, 8GB RAM, 128GB Storage)","12,570",4.1 out of 5 stars
Mobile,"OnePlus 13R | Smarter with OnePlus AI | Lifetime Display Warranty (12GB RAM, 256GB Storage Astral Trail)","39,999",4.3 out of 5 stars
Mobile,Nothing Phone (3a) Black 128GB 8GB RAM,"23,338",4.5 out of 5 stars
Mobile,"realme NARZO 80x 5G (Deep Ocean,6GB+128GB) | Dimensity 6400 5G Chipset | 6000mAh Long-Lasting Battery | 45W Fast Charge | 120Hz Eye Comfort Display | IP69 Top-Tier Waterproof","12,999",4.1 out of 5 stars
Mobile,"JioBharat V4 4G Phone with JioTV, JioHotstar, UPI, JioSoundPay,JioSaavn, Long Lasting Battery, LED Torch, Digital Camera | Black | Locked for JioNetwork",789,3.2 out of 5 stars
Mobile,OnePlus Nord 5 | Snapdragon 8s Gen 3 | Stable 144FPS Gaming | Dual 50MP Flagship Camera | Powered by OnePlus AI | 8GB + 256GB | Dry Ice,"31,999",4.4 out of 5 stars
Mobile,"iQOO Z10R 5G (Aquamarine, 8GB RAM, 128GB Storage) | 32MP 4K Selfie Camera | Quad-Curved AMOLED Display | Dimensity 7400 Processor with 750K+ AnTuTu","19,498",4.2 out of 5 stars
Mobile,"Samsung Galaxy M36 5G (Serene Green, 6 GB RAM, 128 GB Storage)| Circle to Search| Google Gemini| Corning Gorilla Glass Victus+| 7.7mm Slim| AI Enhanced 50 MP OIS Triple Camera| Unmatched Nightography","17,499",3.8 out of 5 stars
Mobile,"iQOO Z10 Lite 5G (Titanium Blue, 6GB RAM, 128GB Storage) | 6000 mAh Battery | Dimensity 6300 5G Processor with 433K+* AnTuTu Score | IP64 Rated & Military Grade Shock-Resistance*","10,998",4.1 out of 5 stars
Mobile,OnePlus 13s | Snapdragon® 8 Elite | Best Battery Life Ever on a Compact Phone | Lifetime Display Warranty | 12GB+256GB | Pink Satin,"54,998",4.5 out of 5 stars
Mobile,"Nokia 150 Dual SIM Premium Keypad Phone | Rear Camera, Long Lasting Battery Life, Wireless FM Radio & MP3 Player and All-New Modern Premium Design | Black",N/A,4.0 out of 5 stars
Mobile,"Motorola G64 5G (Red Berry, 12GB RAM, 256GB Storage) | Expandable Upto 2TB | 50MP (OIS) + 8MP | 16MP Front Camera | MediaTek Dimensity 7025 Processor | 6000 mAh Battery","17,844",4.1 out of 5 stars
Mobile,"Acer Super ZX 5G (Cosmic Green, 6GB RAM, 128GB Storage) | 120 Hz FHD+ Display | 5000 mAh Ultra-Thin Battery | Dimensity 6300 5G Processor | Sony 64MP AI Camera","10,998",3.5 out of 5 stars
Mobile,"Motorola Edge 50 Fusion 5G (Marshmallow Blue, 12GB RAM, 256GB Storage)","20,999",4.1 out of 5 stars
Mobile,"Motorola Edge 60 Fusion 5G Smartphone with 6.67"" 120Hz pOLED Display, 50MP OIS Camera, Android 14, Dimensity 7030 Processor, 68W Fast Charging (Pantone Amazonite, 8GB + 256GB Storage)","22,799",4.1 out of 5 stars
Mobile,"Samsung Galaxy A35 5G (Awesome Navy, 8GB RAM, 256GB Storage) | Premium Glass Back | 50 MP Main Camera (OIS) | Nightography | IP67 | Corning Gorilla Glass Victus+ | sAMOLED with Vision Booster","22,950",4.2 out of 5 stars
Mobile,"Redmi 14C 5G (Stargaze Black, 6GB RAM, 128GB Storage) | Superfast 4nm Snapdragon 4 Gen 2 | 120Hz 17.47cm (6.88”) Display | 5160mAh Battery | 50MP Dual Camera | Premium Starlight Design","11,498",4.0 out of 5 stars
Mobile,"OPPO K13x 5G 6000mAh and 45W SUPERVOOC Charger & AI (Midnight Violet, 128 GB) (8 GB RAM)","14,999",4.4 out of 5 stars
Mobile,OnePlus Nord CE5 | Massive 7100mAh Battery | MediaTek Dimensity 8350 Apex | Powered by OnePlus AI | 8GB + 256GB | Nexus Blue,"26,998",4.3 out of 5 stars
Mobile,"Acer Super ZX 5G (Lunar Blue, 6GB RAM, 128GB Storage) | 120 Hz FHD+ Display | 5000 mAh Ultra-Thin Battery | Dimensity 6300 5G Processor | Sony 64MP AI Camera","10,998",3.5 out of 5 stars
Mobile,"Samsung Galaxy A35 5G (Awesome Iceblue, 8GB RAM, 256GB Storage) | Premium Glass Back | 50 MP Main Camera (OIS) | Nightography | IP67 | Corning Gorilla Glass Victus+ | sAMOLED with Vision Booster",N/A,4.1 out of 5 stars
Mobile,"Nothing Phone (2a) Plus (Grey, 8GB RAM, 256GB Storage) | Up to 16GB RAM | Dimensity 7350 Pro 5G Processor | 50MP + 50MP | 50MP Front Camera | 6.7"" AMOLED Display | 56 Minutes Charge of 100%","22,560",4.2 out of 5 stars
Mobile,Nothing Phone (3a) 5G (8GB RAM + 128GB Storage) (White),"23,540",4.2 out of 5 stars
Mobile,"POCO M7 5G Mint Green 6GB RAM|128GB ROM|SD4 Gen2 Processor|6.88"" HD+ Display|50MP Camera|8MP Front Camera|5160 mAh Battery","9,299",4.3 out of 5 stars
Mobile,"realme NARZO 80x 5G (Sunlit Gold,6GB+128GB) | Dimensity 6400 5G Chipset | 6000mAh Long-Lasting Battery | 45W Fast Charge | 120Hz Eye Comfort Display | IP69 Top-Tier Waterproof","12,999",4.1 out of 5 stars
Mobile,"iQOO Z10x 5G (Titanium, 6GB RAM, 128GB Storage) | 6500 mAh Large Capacity Battery | Dimensity 7300 Processor | Military-Grade Durability",N/A,4.3 out of 5 stars
Mobile,"realme NARZO 80 Lite 4G (Beach Gold, 4GB+64GB) | 6300mAh Segment's Biggest Battery | 7.94mm Slim Design | 300% Ultra Volume | Pulse Light: 9 Colors, 5 Glow Modes | Ai Assist","7,299",4.4 out of 5 stars
Mobile,"Vivo V50 5G (Titanium Grey, 12GB RAM, 512GB Storage) with No Cost EMI/Additional Exchange Offers","38,999",4.3 out of 5 stars
Mobile,"realme NARZO 80 Lite 5G (Onyx Black, 6GB+128GB) | 6000mAh Long-Lasting Battery | MediaTek Dimensity 6300 5G | AI Assist | IP64 Rated Water & Dust Resistance | Military-Grade Durability","11,499",4.2 out of 5 stars
Mobile,"iQOO Neo 10 (Inferno Red, 8GB RAM, 256GB Storage) | Snapdragon 8s Gen 4 Processor & SuperComputing Chip Q1 | 7000 mAh Battery | Segment’s Highest 144 FPS Gaming Smartphone","33,998",4.3 out of 5 stars
Mobile,"Samsung Galaxy A55 5G (Awesome Iceblue, 8GB RAM, 256GB Storage) | AI | Metal Frame | 50 MP Main Camera (OIS) | Super HDR Video| Nightography | IP67 | Corning Gorilla Glass Victus+ | sAMOLED Display","26,999",4.2 out of 5 stars
Mobile,"Samsung Galaxy A55 5G (Awesome Iceblue, 8GB RAM, 256GB Storage) | AI | Metal Frame | 50 MP Main Camera (OIS) | Super HDR Video| Nightography | IP67 | Corning Gorilla Glass Victus+ | sAMOLED Display","26,999",4.2 out of 5 stars
Mobile,"iQOO Z10 5G (Stellar Black, 8GB RAM, 256GB Storage) | India's Biggest Ever 7300 mAh Battery | Snapdragon 7s Gen 3 Processor | Brightest Quad Curved AMOLED Display in The Segment","23,998",4.3 out of 5 stars
Mobile,"Vivo Y39 5G (Lotus Purple, 8GB RAM, 128GB Storage) with No Cost EMI/Additional Exchange Offers","16,999",4.3 out of 5 stars
Mobile,"Redmi Note 14 5G (Ivy Green, 8GB RAM 256GB Storage) | Global Debut MTK Dimensity 7025 Ultra | 2100 nits Segment Brightest 120Hz AMOLED | 50MP Sony LYT 600 OIS+EIS Triple Camera","19,999",3.8 out of 5 stars
Mobile,"Redmi 14C 5G (Starlight Blue, 6GB RAM, 128GB Storage) | Superfast 4nm Snapdragon 4 Gen 2 | 120Hz 17.47cm (6.88”) Display | 5160mAh Battery | 50MP Dual Camera | Premium Starlight Design","11,498",4.0 out of 5 stars
Mobile,"Samsung Galaxy A16 5G (Blue Black, 6GB RAM, 128GB Storage) | AI | Circle to Search | Super AMOLED | 6.5 Inch Display | 50MP Triple Camera | IP54 Rated | 6 Times OS Upgrades","15,999",3.9 out of 5 stars
Mobile,"Infinix Note 50s 5G+ (Titanium Grey, 6GB RAM, 128GB Storage) | MediaTek D7300 Ultimate | 5500mAH Battery, Dual Speakers by JBL, 144Hz AMOLED Display","14,999",4.0 out of 5 stars
Mobile,"Nokia 110 with Built-in UPI App and Scan & Pay Feature, MP3 Player, Rear Camera, Long-Lasting Battery, and Voice Recorder | Blue","1,449",3.8 out of 5 stars
Mobile,"Motorola G35 5G (Leaf Green, 4GB RAM, 128GB Storage) | Ultra-Fast 5G Smartphone | 50MP AI Camera | 5000mAh Battery","10,428",3.9 out of 5 stars
Mobile,"Samsung Galaxy A56 5G (Awesome Graphite, 12GB, 256GB) | Metal Frame | Gemini Live | Awesome Intelligence (AI): Circle to Search, Instant Slo-Mo, Auto-Trim, Object Eraser | Flagship Grade Camera","44,999",4.2 out of 5 stars
Mobile,"vivo T4 5G (Emerald Blaze, 12GB RAM+256GB Storage)| Snapdragon 7s Gen 3 | 120Hz Quad-Curved AMOLED | 7300mAh+90W Fast Charge | 50MP Sony OIS Camera | Military Grade Build | AI Photo Enhance | AI Erase","26,662",4.3 out of 5 stars
Mobile,"Lava Bold 5G (Sapphire Blue, 8GB RAM, 128GB Storage) | 3D Curved FHD+ AMOLED Display | Mediatek Dimensity 6300 Processor | IP64 Water Resistance | 64MP Rear Sensor | Supports All Indian 5G Bands","13,999",4.2 out of 5 stars
Mobile,"POCO C71, Cool Blue (4GB, 64GB)","6,449",4.1 out of 5 stars
Mobile,"Portronics MODESK Universal Mobile Holder Stand with Metal Body, Anti Skid Design, Light Weight for All Smartphones, Tablets, Kindle, iPad(Black)",119,4.2 out of 5 stars
Mobile,"Vivo V50 5G (Rose Red, 8GB RAM, 256GB Storage) with No Cost EMI/Additional Exchange Offers","34,999",4.3 out of 5 stars
Mobile,"VIVO T4x (Pronto Purple, 8GB, 128GB)","15,599",4.4 out of 5 stars
Mobile,"Redmi A5 Just Black, 4GB RAM 128GB ROM","7,498",3.8 out of 5 stars
Mobile,"VIVO T4x (Pronto Purple, 8GB, 128GB)","15,599",4.4 out of 5 stars
Mobile,"realme NARZO 80 Pro 5G (Speed Silver,12GB+256GB) | Segment's 1st MediaTek Dimensity 7400 Chipset | 6000mAh Titan Battery + 80W Ultra Charge | 4500nits HyperGlow Esports Display | IP69 Waterproof","22,499",4.4 out of 5 stars
Mobile,"realme NARZO N65 5G (Amber Gold 6GB RAM, 128GB Storage) India's 1st D6300 5G Chipset | Ultra Slim Design | 120Hz Eye Comfort Display | 50MP AI Camera| Charger in The Box","12,499",4.2 out of 5 stars
Mobile,POCO C61 Ethereal Blue 4GB RAM 64GB ROM,"7,149",4.0 out of 5 stars
Mobile,"realme 14x 5G Smartphone 8+128GB Crystal Black, 6.67-inch Screen, 120Hz Display, 6000mAh Battery, 80MP, MediaTek Dimensity 6300, ArmorShell Protection, IP69","15,199",4.3 out of 5 stars
Mobile,"Motorola G45 5G (Brilliant Blue, 8GB RAM, 128GB Storage)",N/A,4.0 out of 5 stars
Mobile,"Lava A5 (2025) Dual SIM Keypad Mobile with 2.4'' Big Display | UPI Support, 1200mAh Battery | BOL Feature | Camera | Auto Call Recording | Glass Finish | and 7 Regional Languages - Blue","1,221",3.4 out of 5 stars
Mobile,"Acer Super ZX 5G (Cosmic Green, 8GB RAM, 128GB Storage) | 120 Hz FHD+ Display | 5000 mAh Ultra-Thin Battery | Dimensity 6300 5G Processor | Sony 64MP AI Camera","11,998",3.5 out of 5 stars
Mobile,"Oppo K12x 5G with 45W SUPERVOOC Charger in-The-Box (Breeze Blue, 128 GB) (6 GB RAM)","13,599",4.3 out of 5 stars
Mobile,"Redmi A5 Pondicherry Blue, 3GB RAM 64GB ROM","6,498",4.1 out of 5 stars
Mobile,OnePlus Nord CE5 | Massive 7100mAh Battery | MediaTek Dimensity 8350 Apex | Powered by OnePlus AI | 12GB + 256GB | Black Infinity,"28,998",4.3 out of 5 stars
Mobile,"realme NARZO 80 Pro 5G (Racing Green,8GB+128GB) | Segment's 1st MediaTek Dimensity 7400 Chipset | 6000mAh Titan Battery + 80W Ultra Charge | 4500nits HyperGlow Esports Display | IP69 Waterproof","18,999",4.4 out of 5 stars
Mobile,"Lava Gem 2025 Dual Sim Keypad Phone (2.8"" Display, Camera & Flash) | 2575mAh Smart AI Powerful Battery | Wireless FM & Recording | Stereo Speakers | Call Recording (Black Gold)","1,585",3.8 out of 5 stars
Mobile,"Motorola G35 5G (Midnight Black, 4GB RAM, 128GB Storage) | Powerful Performance | 50MP AI Camera | 5000mAh Battery","10,441",3.8 out of 5 stars
Mobile,"Motorola Edge 50 Fusion 5G (Forest Blue, 12GB RAM, 256GB Storage)","21,990",4.1 out of 5 stars
Mobile,"Samsung Galaxy M35 5G (Thunder Grey,6GB RAM,128GB Storage)| Corning Gorilla Glass Victus+| AnTuTu Score 595K+| Vapour Cooling Chamber| 6000mAh Battery| 120Hz Super AMOLED Display| AI| Without Charger","18,999",4.2 out of 5 stars
Mobile,"Vivo Y19e (Titanium Silver, 4GB RAM, 64GB Storage) with No Cost EMI/Additional Exchange Offers |with Charger",N/A,4.2 out of 5 stars
Mobile,"OnePlus 13 | Smarter with OnePlus AI | Lifetime Display Warranty (12GB RAM, 256GB Storage Midnight Ocean)","62,999",4.5 out of 5 stars
Mobile,"Moto G85 5G 8GB 128GB, Olive Green, New","16,299",4.0 out of 5 stars
Mobile,"VIVO T4x (Pronto Purple, 6GB + 128GB)","13,999",4.3 out of 5 stars
Mobile,"Motorola Edge 50 Pro 5G with 125W Charger (Luxe Lavender, 256 GB) (12 GB RAM)","27,482",4.1 out of 5 stars
Mobile,"realme P1 Speed 5G (Textured Titanium, 256 GB) (12 GB RAM)","17,979",4.0 out of 5 stars
Mobile,"Samsung Galaxy M55s 5G (Thunder Black,8GB RAM,128GB Storage) | 50MP Triple Cam| 5000mAh Battery| Snapdragon 7 Gen 1 | 4 Gen. OS Upgrade & 5 Year Security Update| Super AMOLED+ Display| Without Charger","18,990",3.8 out of 5 stars
Mobile,"VIVO Y19 5G (Titanium Silver, 6GB RAM, 128GB Storage) with No Cost EMI/Additional Exchange Offers","12,999",4.0 out of 5 stars
Mobile,"Samsung Galaxy M55s 5G (Coral Green,8GB RAM,128GB Storage) | 50MP Triple Cam| 5000mAh Battery| Snapdragon 7 Gen 1 | 4 Gen. OS Upgrade & 5 Year Security Update| Super AMOLED+ Display| Without Charger","18,989",3.8 out of 5 stars
Mobile,"TECNO POVA 6 NEO 5G (Midnight Shadow, 8GB+256GB) | Advanced AI Features | 108MP Ultra Clear AI Camera | D6300 Powerful Processor | 5 Year Lag Free Fluency | 5000 mAh Battery | InBuilt Infrared and NFC","13,999",3.9 out of 5 stars
Mobile,"HONOR 200 5G (8GB+256GB, Black) – 50MP+50MP+12MP Triple Camera with Dual OIS | 50MP Selfie | Quad-Curved AMOLED Display | AI-Powered MagicOS 9.0 | Without Charger","22,999",4.1 out of 5 stars
Mobile,"Motorola G45 5G (Brilliant Green, 8GB RAM, 128GB Storage) | 6.5"" FHD+ Display | Snapdragon 6 Gen1 Processor | 50MP Camera | 16MP Front Camera | 5000mAh Battery | 33W Charging","12,145",4.0 out of 5 stars
Mobile,"iQOO Z10 Lite 5G (Titanium Blue, 4GB RAM, 128GB Storage) | 6000 mAh Battery | Dimensity 6300 5G Processor with 433K+* AnTuTu Score | IP64 Rated & Military Grade Shock-Resistance*","9,998",4.1 out of 5 stars
Mobile,"Samsung Galaxy A35 5G (Awesome Navy, 8GB RAM, 128GB Storage) Without Offer","20,545",4.1 out of 5 stars
Mobile,"Samsung Galaxy M16 5G (Blush Pink, 4GB RAM, 128 GB Storage) | MediaTek Dimensity 6300 | AnTuTu Score 422K+ | Super Amoled Display | AI | 25W Fast Charging | 6 Gen of OS Upgrades | Without Charger","11,499",3.9 out of 5 stars
Headphone,Boat BassHeads 100 in-Ear Headphones with Mic (Black),349,4.1 out of 5 stars
Headphone,"boAt Rockerz 480 W/RGB LEDs, 6 Light Modes, 40Mm Drivers, Beast Mode, 60Hrs Playback, Enx Tech, BT V5.3, Adaptive Fit & Easy Access Controls, Bluetooth Over Ear Headphones(Black Sabre)","1,499",4.1 out of 5 stars
Headphone,"boAt Rockerz 421 (2025 Launch), 40Hrs Battery, Low Latency(40Ms), 40Mm Drivers, Enx Technology, Integrated Controls, V5.4 Bluetooth Headphones, Wireless Over Ear Headphone with Mic (Black Sabre)","1,399",4.6 out of 5 stars
Headphone,"Sony WH-CH520 Wireless Bluetooth Headphones On Ear with Mic, Up to 50Hrs Battery, Quick Charge, DSEE Upscale, Multipoint Connectivity, Voice Assistant, Customized EQ-Blue","3,989",4.2 out of 5 stars
Headphone,"boAt Rockerz 430 w/ 40mm Drivers, Beast Mode w/ 40ms Latency, 40hrs Playback, ENx Tech, Voice Assistant, BTv5.4, Adaptive Fit & Easy Access Controls, Bluetooth Over Ear Headphones(Black Sabre)","1,099",3.3 out of 5 stars
Headphone,"boAt Rockerz 113 (2025 Launch), 40 Hrs Playback, Dual Pair, Fast Charge, Enx Tech, Low Latency, Magnetic Buds, Bluetooth Neckband, Wireless with Mic in Ear Earphones(Active Black)",799,4.2 out of 5 stars
Headphone,"Noise Two Wireless On Ear Headphones with 50 Hours Playtime, Low Latency(up to 40ms), 4 Play Modes, Dual Pairing, BT v5.3 (Serene Blue)","1,499",3.6 out of 5 stars
Headphone,"JBL Tune 510BT, On Ear Wireless Headphones with Mic, up to 40 Hours Playtime, Pure Bass, Quick Charging, Dual Pairing, Bluetooth 5.0 & Voice Assistant Support for Mobile Phones (Black)","2,799",4.0 out of 5 stars
Headphone,"boAt Rockerz 480 W/RGB LEDs, 6 Light Modes, 40Mm Drivers, Beast Mode, 60Hrs Playback, Enx Tech, BT V5.3, Adaptive Fit & Easy Access Controls, Bluetooth Over Ear Headphones(White Sabre)","1,499",4.1 out of 5 stars
Headphone,"ZEBRONICS Thunder Over Ear Bluetooth 5.3 Wireless Headphones with 60H Backup, Gaming Mode, Dual Pairing, Enc, Aux, Micro Sd, Voice Assistant, Comfortable Earcups, Call Function (Brown)",699,3.7 out of 5 stars
Headphone,"Portronics Muffs M2 Bluetooth Headphones Over Ear with Upto 40 Hrs Playtime, 40mm Dynamic Drivers, AUX 3.5mm, Powerful Bass, Laptop & PC Support,Type C Charging Port, Foldable Design(White)",849,3.8 out of 5 stars
Headphone,Sony ZX Series MDR-ZX310AP Wired Headband Stereo On Ear Headset -Blue,905,3.9 out of 5 stars
Headphone,"ZEBRONICS Bro in Ear Wired Earphones with Mic, 3.5mm Audio Jack, 10mm Drivers, Phone/Tablet Compatible (Green)",159,3.5 out of 5 stars
Headphone,Logitech H111 Wired On Ear Headphones With Mic Black,695,3.9 out of 5 stars
Headphone,"Zebronics Zeb-Storm On Ear Wired Headphone with 3.5mm Jack, Built in Microphone for Calling, 1.5 Meter Cable, Soft Ear Cushion, Adjustable Headband, Foldable Ear Cups and Lightweight Design (Black)",449,3.7 out of 5 stars
Headphone,"ZEBRONICS THUNDER Bluetooth 5.3 Wireless Headphones with 60H Backup, Gaming Mode, Dual Pairing, ENC, AUX, Micro SD, Voice assistant, Comfortable Earcups, Call Function(Black)",749,3.7 out of 5 stars
Headphone,"Sony WH-1000XM4 Industry Leading Wireless Noise Cancellation Bluetooth Over Ear Headphones with Mic for Phone Calls, 30 Hours Battery Life, Quick Charge, AUX, Touch Control and Voice Control - Black","19,989",4.5 out of 5 stars
Headphone,"Sony WH-CH720N Active Noise Cancellation Wireless Bluetooth Over Ear Headphones with Mic, Adaptive Sound Control, Quick Charge, Up to 35Hrs Battery, Customized EQ- Blue","8,989",4.2 out of 5 stars
Headphone,"JBL C100SI Wired In Ear Headphones With Mic, Pure Bass Sound, One Button Multi-Function Remote, Premium Metallic Finish, Angled Buds For Comfort Fit (Black)",599,4.0 out of 5 stars
Headphone,"Sony WH-CH520 Wireless Bluetooth Headphones On Ear with Mic, Up to 50Hrs Battery, Quick Charge, DSEE Upscale, Multipoint Connectivity, Voice Assistant, Customized EQ-Black","3,989",4.2 out of 5 stars
Headphone,"boAt Rockerz 425 Bluetooth Wireless On Ear Headphones Signature Sound, Enx Tech, ASAP Charge, 25H Playtime, Bluetooth V5.2, Dual Pairing with Mic (Ash Grey)","1,299",3.6 out of 5 stars
Headphone,"JBL Tune 770NC Wireless Over Ear ANC Headphones with Mic, Upto 70 Hrs Battery, Speed Charge : 5 min Charge Gives up to 3H of Playback, Google Fast Pair, Dual Pairing, BT 5.3 (Black)","4,999",4.0 out of 5 stars
Headphone,"pTron Studio Evo 70hrs Playtime Wireless Over Ear Headphones with HD Mic, Low-Latency Game/Movie/Music Modes, Punchy Bass, BT5.3, Dual Device Pairing, Voice Assistant & Type-C Fast Charging (Black)",799,4.3 out of 5 stars
Headphone,"boAt Rockerz 550/Rockerz 558 Over Ear Bluetooth Headphones with Upto 20 Hours Playback, 50MM Drivers, Soft Padded Ear Cushions and Physical Noise Isolation(Black)","1,599",4.0 out of 5 stars
Headphone,"boAt Rockerz 450, 15 HRS Battery, 40mm Drivers, Padded Ear Cushions, Integrated Controls, Dual Modes, On Ear Bluetooth Headphones, Wireless Headphone with Mic (Luscious Black)","1,499",4.0 out of 5 stars
Headphone,"Sony WH-1000XM5 Best Active Noise Cancelling Wireless Bluetooth Over Ear Headphones with Mic for Clear Calling,Battery Life 30 Hours -Black","25,989",4.4 out of 5 stars
Headphone,"Sony WH-CH720N Active Noise Cancellation Wireless Bluetooth Over Ear Headphones with Mic, Adaptive Sound Control, Quick Charge, Up to 35Hrs Battery, Customized EQ- Black","8,800",4.2 out of 5 stars
Headphone,"HP H200 On Ear Wireless Headset, Black","1,299",4.2 out of 5 stars
Headphone,boAt Bassheads 105 Wired in Ear Earphones with Mic (Black),349,4.0 out of 5 stars
Headphone,"ZEBRONICS Zeb-Bro in Ear Wired Earphones with Mic, 3.5mm Audio Jack, 10mm Drivers, Phone/Tablet Compatible(Blue)",159,3.5 out of 5 stars
Headphone,"boAt Rockerz 425 Bluetooth Wireless Over Ear Headphones with Mic Signature Sound, Beast Mode for Gaming, Enx Tech, ASAP Charge, 25H Playtime, Bluetooth V5.2 (Active Black)","1,099",3.6 out of 5 stars
Headphone,"boAt Rockerz 650 Pro (2025 Launch),Touch/Swipe Controls,Dolby Audio,80Hrs Battery,2Mics Enx,Fast Charge,App Support,Dual Pair,Bluetooth Over Ear Headphones,Wireless Headphone with Mic (Sage Green)","2,799",4.2 out of 5 stars
Headphone,"boAt Rockerz 411 (2025 Launch), 40Ms Low Latency, 40Hrs Battery, 40Mm Drivers, Enx Tech, Integrated Controls, V5.4 Bluetooth Headphones, Wireless Over Ear Headphone with Mic (Bold Blue)","1,399",4.4 out of 5 stars
Headphone,"boAt Rockerz 413 (2025 Launch), 60Hrs Battery, 40Mm Drivers, Dual Pair, Enx Tech, Low Latency, Integrated Controls, Bluetooth Headphones, Wireless Over Ear Headphone with Mic (Ash Grey)","1,599",4.4 out of 5 stars
Headphone,"boAt Rockerz 450, 15 HRS Battery, 40mm Drivers, Padded Ear Cushions, Integrated Controls, Dual Modes, On Ear Bluetooth Headphones, Wireless Headphone with Mic (Hazel Beige)","1,499",4.0 out of 5 stars
Headphone,"boAt Rockerz 412 (2025 Launch), 60Hrs Battery, 40Mm Drivers, 40Ms Low Latency, Enx Tech, Integrated Controls, V5.4 Bluetooth Headphones, Wireless Over Ear Headphone with Mic (Bold Blue)","1,599",3.8 out of 5 stars
Headphone,"boAt Rockerz 550 Bluetooth Wireless Over Ear Headphones with Upto 20 Hours Playback, 50MM Drivers, Soft Padded Ear Cushions and Physical Noise Isolation with Mic (Black Symphony)","1,699",4.0 out of 5 stars
Headphone,"boAt Rockerz 421 (2025 Launch), 40Hrs Battery, Low Latency(40Ms), 40Mm Drivers, Enx Technology, Integrated Controls, V5.4 Bluetooth Headphones, Wireless Over Ear Headphone with Mic (Bold Blue)","1,399",4.6 out of 5 stars
Headphone,"Noise Airwave Max 4 Wireless Over Ear Headphones with 70H Playtime, ENC, 40mm Driver, Low Latency(up to 40ms), Dual Pairing, BT v5.4 (Calm Beige)","2,499",3.7 out of 5 stars
Headphone,"boAt Bassheads 100 C Wired Headphones Earphones with Type-C Jack, in-Line Microphone, in Ear, 10Mm Drivers, Signature Sound, Integrated Controls & Multi-Os Compatibility (Black)",599,4.1 out of 5 stars
Headphone,"Dyazo Computer Wired Headphones | Headset with Mic | 3.5 MM Jack | Compatible for Laptops, PC, Notebooks (Black)",499,4.0 out of 5 stars
Headphone,"ZEBRONICS Jet Premium Wired Gaming On Ear Headphone with LED Light for earcups, 40mm Neodymium Drivers, 2 Meter Braided Cable, Flexible mic, Suspension Headband, 3.5mm + USB Connector (Black + Blue)",799,3.7 out of 5 stars
Headphone,"Sony ULT Wear WH-ULT900N Noise Cancellation Wireless Bluetooth Over Ear Headphones with Massive Bass, Up to 50Hrs Battery-Black","14,980",4.3 out of 5 stars
Headphone,boAt Bassheads 100 in Ear Wired Headphones Earphones with Mic (Furious Red),349,4.1 out of 5 stars
Headphone,Marshall Major IV Wireless Bluetooth On Ear Headphone with Mic (Black),"8,999",4.3 out of 5 stars
Headphone,"boAt Rockerz 113 (2025 Launch), 40 Hrs Playback, Dual Pair, Fast Charge, Enx Tech, Low Latency, Magnetic Buds, Bluetooth Neckband, Wireless with Mic in Ear Earphones(Ash Grey)",799,4.2 out of 5 stars
Headphone,"Noise Two Wireless On Ear Headphones with 50 Hours Playtime, Low Latency(up to 40ms), 4 Play Modes, Dual Pairing, BT v5.3 (Calm White)","1,499",3.6 out of 5 stars
Headphone,"Amazon Basics Pro Series Wired USB On Ear Headset with Mic | 40 mm Driver | Computer/PC or Laptop Headphone | Noise Cancellation Microphone | in-line Control for Home, Office, Teams or Zoom, Black","2,169",4.4 out of 5 stars
Headphone,"OnePlus Bullets Bluetooth Wireless in Ear Z2 Earphones with Mic, Bombastic Bass, 12.4 mm Drivers, 10 Mins Charge, 20 Hrs Music, 30 Hrs Battery Life, IP55 Dust & Water Resistant (Beam Blue)","1,399",4.1 out of 5 stars
Headphone,"Noise Two Wireless On Ear Headphones with 50 Hours Playtime, Low Latency(up to 40ms), 4 Play Modes, Dual Pairing, BT v5.3 (Bold Black)","1,499",3.6 out of 5 stars
Headphone,"ZEBRONICS Zeb-Thunder PRO On-Ear Wireless Headphone Up to 60 Hours Playback, Wired Mode, USB-C Type Charging(Black)",999,3.7 out of 5 stars
Headphone,"soundcore by Anker H30i Wireless On-Ear Headphones, Foldable Design, Pure Bass, 70H Playtime, Bluetooth 5.3, Lightweight and Comfortable, App Connectivity, Multipoint Connection (Black)","1,898",4.1 out of 5 stars
Headphone,"boAt New Launch Rockerz 650 Pro, Touch/Swipe Controls, Dolby Audio, 80Hrs Battery, 2Mics ENx, Fast Charge, App Support, Dual Pair, Bluetooth Over Ear Headphones with Mic (Iris Black)","2,799",4.2 out of 5 stars
Headphone,"HAMMER Bash Max Over The Ear Wireless Bluetooth Headphones with Mic, Touch Control, Deep Bass, Upto 40 Hours Playtime, Bluetooth 5.3, Workout/Travel (Apricot)","2,199",3.8 out of 5 stars
Headphone,"Skullcandy Crusher Wireless Bluetooth Headphones with Multi-Sensory Bass, Noise Isolating Over Ear Fit, Up to 50 Hours Battery, Microphone for iPhone Android with Travel Bag - Black","9,999",4.3 out of 5 stars
Headphone,"soundcore by Anker,Space One,Active Noise Cancelling in Ear Headphones,2X Stronger Voice Reduction,40H ANC Playtime,App Control,Ldac Hi-Res Wireless Audio,Comfortable Fit,Clear Calls,Bluetooth 5.3","7,996",3.9 out of 5 stars
Headphone,"JBL Tune 510BT, On Ear Wireless Headphones with Mic, up to 40 Hours Playtime, Pure Bass, Quick Charging, Dual Pairing, Bluetooth 5.0 & Voice Assistant Support for Mobile Phones (Blue)","2,799",4.0 out of 5 stars
Headphone,"JBL Tune 510BT, On Ear Wireless Headphones with Mic, up to 40 Hours Playtime, Pure Bass, Quick Charging, Dual Pairing, Bluetooth 5.0 & Voice Assistant Support for Mobile Phones (White)","2,799",4.0 out of 5 stars
Headphone,"ZEBRONICS Duke Over Ear Wireless Headphone with Up to 60h Backup,Supports Bluetooth,Dual Pairing,Gaming Mode,Environmental Noise Cancellation (ENC),LED Lights,Deep Bass,Voice Assistant Support (Black)","1,099",3.8 out of 5 stars
Headphone,"boAt New Launch Rockerz 650 Pro,Touch/Swipe Controls,Dolby Audio,80Hrs Battery,2Mics Enx,Fast Charge,App Support,Dual Pair,Bluetooth Headphones,Over Ear Wireless Headphone with Mic (Silver Frost)","2,799",4.2 out of 5 stars
Headphone,"OnePlus Bullets Z2 Bluetooth Wireless in Ear Earphones with Mic, Bombastic Bass - 12.4 Mm Drivers, 10 Mins Charge - 20 Hrs Music, 30 Hrs Battery Life (Magico Black)","1,599",4.1 out of 5 stars
Headphone,"boAt Rockerz 650 Pro (2025 Launch),Touch/Swipe Controls,Dolby Audio,80Hrs Battery,2Mics Enx,Fast Charge,App Support,Dual Pair,Bluetooth Over Ear Headphones,Wireless Headphone with Mic (Starry Night)","2,799",4.2 out of 5 stars
Headphone,Blaupunkt BH31 Bluetooth Wireless Over Ear Headphones I 40MM Drivers I HD Sound I Soft PU Headband I Media & Volume Control with Built in Mic I TurboVolt Fast Charging I AUX Port (Black),"1,199",4.0 out of 5 stars
Headphone,"Sony WH-CH720N, Wireless Over-Ear Active Noise Cancellation Headphones with Mic, up to 50 Hours Playtime, Multi-Point Connection, App Support, AUX & Voice Assistant Support for Mobile Phones (White)","8,893",4.2 out of 5 stars
Headphone,"soundcore by Anker Q20i Hybrid Active Noise Cancelling Headphones, Wireless Over-Ear Bluetooth, 40H Long ANC Playtime, Hi-Res Audio, Big Bass, Customize via an App, Transparency Mode (White)","4,299",4.3 out of 5 stars
Headphone,"Sounce Portable Carrying Case Cover for Boult Newly Launched Q Over-Ear Bluetooth Headphones | Hard EVA Travel Storage Case with Shockproof, Waterproof, andPremium Protective Cover – Black",249,4.0 out of 5 stars
Headphone,"Skullcandy Hesh ANC Over Ear Active Noise Cancelling Wireless Headphones with 40Mm Drivers, 22Hr Playtime + Rapid Charge, Flat-Folding and Collapsible, Light Weight, Work with Android and iOS- Black","6,999",3.9 out of 5 stars
Headphone,"ZEBRONICS Thunder Over Ear Bluetooth 5.3 Wireless Headphones with 60H Backup, Gaming Mode, Dual Pairing, Enc, Aux, Micro Sd, Voice Assistant, Comfortable Earcups, Call Function (Blue)",699,3.8 out of 5 stars
Headphone,"boAt Rockerz 425 Bluetooth Headphones Wireless On Ear Headphones Signature Sound, Enx Tech, ASAP Charge, 25H Playtime, Bluetooth Headphones V5.2, Dual Pairing with Mic(Techno Purple)","1,299",3.6 out of 5 stars
Headphone,"HAMMER Bash Max Over The Ear Wireless Bluetooth Headphones with Mic, Touch Control, Deep Bass, Upto 40 Hours Playtime, Bluetooth 5.3, Workout/Travel (Black)","2,199",3.8 out of 5 stars
Headphone,"ZEBRONICS Thunder Bluetooth 5.3 Wireless Over Ear Headphones with 60H Backup, Gaming Mode, Dual Pairing, Enc, Aux, Micro Sd, Voice Assistant, Comfortable Earcups, Call Function (Sea Green)",749,3.8 out of 5 stars
Headphone,"realme TechLife Studio H1 Over The Ear Over Ear Wireless Headphone with 70Hours Playtime 360° Spatial Audio, 40mm Drivers, 80ms Superlow Latency, 43 dB Adaptive ANC-Red","4,999",3.8 out of 5 stars
Headphone,"JBL Tune 770NC Wireless Over Ear ANC Headphones with Mic, Upto 70 Hrs Battery, Speed Charge : 5 min Charge Gives up to 3H of Playback, Google Fast Pair, Dual Pairing, BT 5.3 (Blue)","4,999",4.0 out of 5 stars
Headphone,"HP H150 Wireless in Ear Earbuds, Compatible with Tablets, Smartphones, Pcs, and Other Devices with Bluetooth,Noise-Reduction,Water Resistant Design,Black,0.036Kg",799,3.0 out of 5 stars
Headphone,"boAt Rockerz 450R On Ear Wireless Headphones with 15 Hours Battery, 40mm Drivers, Padded Ear Cushions, Easy Access Controls and Voice Assistant(Hazel Beige)","1,499",3.9 out of 5 stars
Headphone,amazon basics Pro Series Wireless Noise Cancelling ANC Over Ear Headphone | Bluetooth Headset | USB Charging | 10 m Paring Distance | 74 Hours Battery Life | 40 mm Drivers | IPX4 Rated (Beige),"2,349",4.2 out of 5 stars
Headphone,"soundcore by Anker Q20i Wireless Bluetooth Over-Ear Headphones with Hybrid Active Noise Cancelling, 40h Playtime in ANC Mode, Hi-Res Audio, Deep Bass, App Personalization (Blue)","4,498",4.3 out of 5 stars
Headphone,"Sony WH-1000XM4 Noise Cancellation Wireless Bluetooth Over Ear Headphones with Mic, Hi-Res Audio, Up to 38Hrs Battery- Silver","19,989",4.5 out of 5 stars
Headphone,"ZEBRONICS Thunder PRO Over Ear Wireless Headphone with Dual Pairing, Gaming Mode, ENC, Bluetooth, Call Function, Aux, Micro SD, Voice Assistant, Deep Bass, Up to 60h Backup (Beige)",899,3.6 out of 5 stars
Headphone,Sony ZX Series MDR-ZX310AP Wired Headband Stereo On Ear Headset -Black,"1,078",3.9 out of 5 stars
Headphone,Sony ZX Series MDR-ZX310AP Wired Headband Stereo On Ear Headset -Black,"1,078",3.9 out of 5 stars
Headphone,"Sennheiser ACCENTUM Plus Wireless Headphones, German Design, Adaptive ANC, 50H Battery, Sound Personalization, Touch Control, Multipoint Connectivity, Clear Calls,10 Min Charge = 5H,2Y Warranty, Black","15,990",4.1 out of 5 stars
Headphone,"boAt Rockerz 412 (2025 Launch), 60Hrs Battery, 40Mm Drivers, 40Ms Low Latency, Enx Tech, Integrated Controls, V5.4 Bluetooth Headphones, Wireless Over Ear Headphone with Mic (Active Black)","1,599",3.8 out of 5 stars
Headphone,"boAt Rockerz 255 Z Plus, AI-Enx Tech, Spatial Audio, 50HRS Battery, Low Latency Mode, Fast Charge, App Support, IPX4 BT V5.3, Bluetooth Neckband, Wireless With Mic In ear Phones (Active/Classic Black)","1,199",3.9 out of 5 stars
Headphone,"boAt Rockerz 255 Pro+, 60HRS Battery, Fast Charge, IPX7, Dual Pairing, Low Latency, Magnetic Earbuds, in Ear Bluetooth Neckband, Wireless with Mic Earphones (Active Black)","1,299",3.9 out of 5 stars
Headphone,"Sennheiser ACCENTUM Wireless Special Edition-Over Ear Headphones with Hybrid ANC,50 Hr Battery & Free BTD 600 Bluetooth Dongle Worth 5,990 Streaming & Crystal Clear Calls,Designed in Germany - Copper","12,990",4.2 out of 5 stars
Headphone,"hayden HY-HD10 Professional Studio Headphones Over-Ear, 50mm Drivers, Foldable, Lightweight, Dual Detachable Cables (2.8m Coiled & 1.2m with Mic) for DJ, Gaming, Recording, Mixing, Monitoring (Black)","1,999",4.3 out of 5 stars
Headphone,"Bose New QuietComfort Wireless Noise Cancelling Headphones, Bluetooth Over Ear Headphones with Up to 24 Hours of Battery Life - White","22,289",4.4 out of 5 stars
Headphone,"Audio-Technica Ath-M20Xbt Wireless Over-Ear Headphones, Bluetooth 5.0, 60-Hour Battery Life, 40 mm Drivers, Hi-Fi Sound, Built-in Mic, AAC/SBC Codec Support – Black","7,989",4.2 out of 5 stars
Headphone,"ZEBRONICS Boom Wired Headphone, Over Ear, in-Line MIC, Foldable, 1.5 Meter Cable, for 3.5mm (Mobile | Tablet | Laptop | MAC), Soft Cushion, 40mm Drivers (Blue)",549,3.4 out of 5 stars
Headphone,"Aune SR7000 Full-Size Closed-Back Headphones with MLD Driver, Dynamic Driver, Detachable Cable, Over-Ear HiFi Hi-Res Audiophile Headphones for HiFi System, Home Audio, DAP","1,14,601",4.3 out of 5 stars
Headphone,"Noise Airwave Max 4 Wireless Over Ear Headphones with 70H Playtime, ENC, 40mm Driver, Low Latency(up to 40ms), Dual Pairing, BT v5.4 (Carbon Black)","2,499",3.7 out of 5 stars
Headphone,"Amazon Basics RGB Wired Gaming On Ear Gaming Headphone, 2 Meter Braided Cable, with Mic, Breathable Fabric Earcups, Sleek Design, 3.5mm Connector (USB A only for RGB, Black)","1,601",4.0 out of 5 stars
Headphone,"Sony WH-CH720N Noise Cancellation Wireless Bluetooth Over Ear Headphones with Mic, Up to 35Hrs Battery- Pink","8,988",4.2 out of 5 stars
Headphone,"Razer BlackShark V2 X Wired Gaming On Ear Headset - Black|7.1 Surround Sound-50mm Drivers-Memory Foam Cushion-for PC,PS4,PS5,Switch,Xbox One,Xbox Series X|S,Mobile-3.5mm Audio Jack-RZ04-03240100-R3M1","3,599",4.2 out of 5 stars
Headphone,"Nu Republic Starboy with 54 Hour Playtime,X-Bass® Technology,40mm Neodymium Drivers,Gaming Mode,Bluetooth V5.4,Dual Pairing,Dual Stereo,Type-C Fast Charging ENC Bluetooth Over Ear Headphones (Black)","1,299",4.2 out of 5 stars
Headphone,"OnePlus Bullets Wireless Z2 ANC Bluetooth in Ear Earphones with Mic, 45dB Hybrid ANC, Bombastic Bass - 12.4 mm Drivers, 10 Mins Charge - 20 Hrs Music, 28 Hrs Battery (Booming Black)","1,899",4.1 out of 5 stars
Headphone,"OnePlus Bullets Wireless Z2 ANC Bluetooth in Ear Earphones with Mic, 45dB Hybrid ANC, Bombastic Bass - 12.4 mm Drivers, 10 Mins Charge - 20 Hrs Music, 28 Hrs Battery (Grand Green)","1,899",4.1 out of 5 stars
Headphone,"GOBOULT Q Over Ear Bluetooth Headphones with 70H Playtime, 40mm Bass Drivers, Zen™ ENC Mic, Type-C Fast Charging, 4 EQ Modes, AUX Option, IPX5 Headphones Wireless with mic (Black)","1,799",4.0 out of 5 stars
Headphone,"EarFun Kids Headphones with Mic for Boys and Girls, Over Ear HD Stereo Headphone for Children, 85/94dB Volume Limiter, Sharing Port, Foldable On Ear Headsets with Mic for School/Pad/PC/Travel, Blue","1,299",4.4 out of 5 stars
Headphone,"ZEBRONICS Thunder Max Bluetooth Over Ear Headphone with 120*Hrs Playback, 3 EQ Modes, 40mm Bass Driver, Fast Charging, Gaming Mode, Dual Pairing, BT v5.4, AUX, Metallic Finish (Black)","1,099",3.7 out of 5 stars
Headphone,"boAt Rockerz 551 ANC Pro(2025 Launch),42Db Adaptive Hybrid,App Support,72Hrs Battery,40Mm Titanium Drivers,Enx Tech,Foldable Cups Bluetooth Over Ear Headphones,Wireless Headphone with Mic(Bold Blue)","3,499",4.0 out of 5 stars
Headphone,"boAt Rockerz 460 Wireless Over Ear Headphones w/Up to 30hrs Playtime, 40mm Drivers, Beast™ Mode, ENx™, Dual Pairing, BT v5.2, Instant Voice Assistant, Adaptive Fit(Crimson White)","1,299",4.1 out of 5 stars
Headphone,"AKG K92 Closed Back Over Ear Headphones,Wired,Black","3,299",4.2 out of 5 stars
Headphone,"JLab JBuds LUX ANC Smart Active Noise Cancelling Headphones - Over Ear Wireless Headphones with Microphone, 70+ H Playtime Foldable Bluetooth Earphones, Multipoint & Customisable Sound, Cloud White","3,999",4.4 out of 5 stars
Headphone,"truke Newly Launch Aura Bass Over The Ear Headphone with 50H of Playtime, 40mm Titanium Drivers, Dual Pairing Headset, 40ms Ultra Low Latency, ENC, Premium Design & Comfort (Black)","1,299",4.0 out of 5 stars
Headphone,"ZEBRONICS Duke Plus, Wireless Over Ear Headphone with ANC, ENC, Gaming Mode, Dual Pairing, Rapid Charge, Upto 70* Hours Backup, Bluetooth v5.4, AUX, Comfortable Earcushion, Deep Bass (Beige)","1,599",3.8 out of 5 stars
Headphone,"ZEBRONICS Duke Over Ear Wireless Headphone with Up to 60h Backup,Supports Bluetooth,Dual Pairing,Gaming Mode,Environmental Noise Cancellation (ENC),LED Lights,Deep Bass,Voice Assistant Support (Blue)",999,3.8 out of 5 stars
Headphone,"boAt Rockerz 413 (2025 Launch), 60Hrs Battery, 40mm Drivers, Over Ear, Dual Pair, ENx Tech, Low Latency, Integrated Controls, Bluetooth Headphones, Wireless Headphone with Mic (Oceana Blue)","1,599",4.4 out of 5 stars
Headphone,"OnePlus Bullets Z2 Bluetooth Wireless in Ear Earphones with Mic, Bombastic Bass - 12.4 Mm Drivers, 10 Mins Charge - 20 Hrs Music, 30 Hrs Battery Life (Jazz Green)","1,399",4.1 out of 5 stars
Headphone,"Zebronics Zeb-Blitz USB Over Ear Gaming Headphone with Dolby Atmos,RGB LED,Windows Software,Simulated 7.1 Surround Sound,2.4 Meter Braided Cable,Flexible Mic,Padded Headband & Ear Cushions(Black)","2,399",4.2 out of 5 stars
Headphone,"ZEBRONICS Duke Plus, Wireless Over Ear Headphone with ANC, ENC, Gaming Mode, Dual Pairing, Rapid Charge, Upto 70* Hours Backup, Bluetooth v5.4, AUX, Comfortable Earcushion, Deep Bass (Black)","1,599",3.8 out of 5 stars
Headphone,"ZEBRONICS Duke Plus, Wireless Over Ear Headphone with ANC, ENC, Gaming Mode, Dual Pairing, Rapid Charge, Upto 70* Hours Backup, Bluetooth v5.4, AUX, Comfortable Earcushion, Deep Bass (Black)","1,599",3.8 out of 5 stars
Headphone,"Noise Airwave Max 3 Bluetooth On Ear Headphones with 70H Playtime, 40mm Driver, Low Latency(up to 45ms),Dual Pairing, BT v5.3 (Midnight Blue)","1,699",3.9 out of 5 stars
Headphone,"GOBOULT Q Over Ear Bluetooth Headphones with 70H Playtime, 40mm Bass Drivers, Zen™ ENC Mic, Type-C Fast Charging, 4 EQ Modes, AUX Option, IPX5 Headphones Wireless with mic (Beige)","1,799",4.0 out of 5 stars
Headphone,"JBL Tour One M2 Adaptive Noise Cancelling Bluetooth Over Ear Headphones,Spatial Sound,Smart Ambient,50Hrs Playtime,BT 5.3 Le,Quick Charge,Multi Point Conectivity,Built-in Alexa,2 Years Warranty(Black)","14,999",4.0 out of 5 stars
Headphone,"ZEBRONICS Silencio 111,Over Ear Wireless Headphone,Hybrid ANC (50dB),55*Hrs Backup,Transparency Mode,40mm Titanium Drivers,3 EQ Modes,ENC,Gaming Mode,Dual Pairing,Rapid Charge,Bluetooth v5.4 (Black)","2,999",3.8 out of 5 stars
Headphone,realme Buds 3 (3.5 mm) Wired in Ear Earphones with Mic (Black),599,4.3 out of 5 stars
Headphone,M.G.R.J® Portable Carrying Case Cover for Boat Rockerz 450 Bluetooth On Ear Headphones (Hard|EVA|Black),348,4.2 out of 5 stars
Headphone,"GOBOULT Flex On Ear Bluetooth Headphones with 80H Playtime, 40mm Bass Drivers, Zen™ ENC Mic, Type-C Fast Charging, Bluetooth 5.4, AUX Option, 60ms Low Latency, IPX5, Wireless Headphone (Jet Black)","1,499",3.8 out of 5 stars
Headphone,"GOBOULT X Mustang Q Over Ear Bluetooth Headphones with 70H Playtime, 40mm Bass Drivers, Zen™ ENC Mic, Type-C Fast Charging, 4 EQ Modes, Bluetooth 5.4, AUX Option, IPX5 Wireless Headphones","2,499",4.0 out of 5 stars
Headphone,"Jabra Evolve 10, On Ear Noise Cancellation Mic with Fully Adjustable Boom Arm and USB-A Connectivity Stereo Headset, Black","3,499",4.0 out of 5 stars
Headphone,"Xiaomi Wired in-Ear Earphones with Mic, Ultra Deep Bass & Metal Sound Chamber (Blue)",499,4.1 out of 5 stars
Headphone,"Sony ULT Wear WH-ULT900N Noise Cancellation Wireless Bluetooth Over Ear Headphones with Massive Bass, Up to 50Hrs Battery-Grey","14,980",4.3 out of 5 stars
Headphone,"Bose QuietComfort Ultra Bluetooth Headphones, Wireless Headphones with Spatial Audio, Over Ear Noise Cancelling Headphones with Mic, Up to 24 Hours of Battery Life, Diamond - 60th Anniversary Edition","29,989",4.3 out of 5 stars
Headphone,"Bose New QuietComfort Ultra Wireless Noise Cancelling Headphones with Spatial Audio, Over-The-Ear Headphones with Mic, Up to 24 Hours of Battery Life, White Smoke","29,989",4.3 out of 5 stars
Headphone,"boAt Airdopes Plus 311 (2025 Launch), Glass Design, Dual Mics ENx, Fast Charge, 50 Hrs Battery, Low Latency, IPX4, Bluetooth Earbuds, TWS Ear Buds Wireless Earphones with mic (Midnight Blue)",899,4.0 out of 5 stars
Headphone,"ZEBRONICS Bro in Ear Wired Earphones with Mic, 3.5mm Audio Jack, 10mm Drivers, Phone/Tablet Compatible (Black)",159,3.5 out of 5 stars
Headphone,"JBL Endurance Run 2, Sports in Ear Wired Earphones with Mic, Pure Bass, Sweatproof, Flexsoft eartips, Magnetic Earbuds, Fliphook & TwistLock Technology with Voice Assistant Support for Mobiles (Black)",999,4.1 out of 5 stars
Headphone,Akg K72 Wired Over Ear Headphones Without Mic (Black),"2,899",4.2 out of 5 stars
Headphone,"Logitech H340 Stereo Wired Over Ear Headphones With Mic With Noise-Cancelling, Usb, Pc/Mac/Laptop - Black","2,395",3.8 out of 5 stars
Headphone,"Sony WH-1000XM5 Best Active Noise Cancelling Wireless Bluetooth Over Ear Headphones with Mic for Clear Calling,Battery Life 30 Hours-Mid Night Blue","25,989",4.4 out of 5 stars
Headphone,"PHILIPS Audio TAH4209BK/00 Bluetooth Headphones,Lightweight and Foldable Design, 32mm Neodynamic Drivers, 55H Playtime, USB Type-C Fast Charging, Built-in Mic for Smartphone, Laptop, Tablet (Black)","2,399",4.0 out of 5 stars
Headphone,boAt Bassheads 102 in Ear Wired Earphones with Mic(Charcoal Black),349,4.1 out of 5 stars
Headphone,"JBL Tune 520BT Wireless On Ear Headphones with Mic, Upto 57H Battery, Speed Charge : 5 Min Charge Gives Up to 3H of Playback, Multipoint Connect, Customizable Bass with Headphones App, BT 5.3 (Black)","2,999",4.0 out of 5 stars
Headphone,Blaupunkt Newly Launched BH41 Bluetooth Wireless Over Ear Headphones I Long Playtime I 40MM Drivers I Foldable I Flexible & Light Weight I Built in Mic I TurboVolt Fast Charging,"1,399",4.0 out of 5 stars
Headphone,"JBL C50HI, Wired in Ear Headphones with Mic, One Button Multi-Function Remote, Lightweight & Comfortable fit (Black)",449,3.9 out of 5 stars
Headphone,"icall P47 Wireless Bluetooth On Ear Headphones 5.0+EDR with Volume Control, HD Sound and Bass, Mic, SD Card Slot (Multicolor)",392,3.3 out of 5 stars
Headphone,"ZEBRONICS Duke Wireless Over Ear Headphone with Up to 60h Backup, Bluetooth, Dual Pairing, Gaming Mode, Environmental Noise Cancellation (ENC), LED Lights, Deep Bass, Voice Assistant Support (Green)",999,3.8 out of 5 stars
Headphone,"realme TechLife Studio H1 Over The Ear Over Ear Wireless Headphone with 70Hours Playtime 360° Spatial Audio, 40mm Drivers, 80ms Superlow Latency, 43 dB Adaptive ANC-Black","4,649.00",3.8 out of 5 stars
Headphone,"GOBOULT Newly Launched Fluid X Headphones Bluetooth Wireless with 60H Playtime, 40mm Bass Driver, Zen ENC Mic, Type-C Charging, Combat™Gaming Mode, BTv 5.4, Headphones Wireless with mic (Green)","2,299",3.8 out of 5 stars
Headphone,"ZEBRONICS Zeb-200HM Wired On Ear Headphone with Mic, Dual 3.5mm Connectors, Adjustable Headband for PC Computers/Laptop (Black)",449,3.1 out of 5 stars
Headphone,"Portronics Harmonics Z5 Wireless Bluetooth Stereo Headset with 33Hrs Playtime, Double EQ Mode, 14.2 mm Dynamic Drivers, Click Action Buttons(Black)",699,4.0 out of 5 stars
Headphone,"Ambrane Wired Headphones in Earphones with in-Line Mic for Clear Calling, 14Mm Dynamic Drivers for Boostedbass, 3.5Mm Jack, Multi-Functional Controller (Stringz 38 Lite, Blue)",179,3.8 out of 5 stars
Headphone,"boAt New Launch Rockerz 551 ANC Pro, 42dB Hybrid Adaptive ANC, App Support, 72Hrs Battery, 40mm Titanium Drivers,ENx Tech,Foldable Cups Bluetooth Over Ear Headphones with Mic (Cosmic Black)","3,499",4.0 out of 5 stars
Headphone,"Portronics Muffs M2 Bluetooth Headphones On Ear with Upto 40 Hrs Playtime, 40mm Dynamic Drivers, AUX 3.5mm, Powerful Bass, Laptop & PC Support, Type C Charging Port, Foldable Design(Black)",849,3.8 out of 5 stars
Headphone,"boAt Rockerz 551 ANC Pro(2025 Launch),42Db Hybrid Adaptive,App Support,72Hrs Battery,40Mm Titanium Drivers,Enx Tech,Foldable Cups Bluetooth Over Ear Headphone,Wireless Headphone with Mic(Hazel Beige)","3,499",4.0 out of 5 stars
Headphone,"ZEBRONICS Zeb-Dynamic with Bluetooth Supporting Headphone, Aux Input, Call Function and Media/Volume Control",799,3.2 out of 5 stars
Headphone,"ZEBRONICS Boom Wired Headphone, Over Ear, in-Line MIC, Foldable, 1.5 Meter Cable, for 3.5mm (Mobile | Tablet | Laptop | MAC), Soft Cushion, 40mm Drivers (Beige)",549,3.2 out of 5 stars
Headphone,"JBL Tune 310 Wired in Ear Type C Headphones, Hi-Res Audio with Digital-to-Analog Converter, 3-Button EQ Preset Remote with Microphone, Tangle-Free Flat Cable, Compatible with USB-C Devices (White)","1,299",4.0 out of 5 stars
Headphone,"ZEBRONICS Thunder Pro Wireless Over Ear Headphone with Dual Pairing, Gaming Mode, Enc, Bluetooth, Call Function, Aux, Micro Sd, Voice Assistant, Deep Bass, Up to 60H Backup (Olive Green)",899,3.4 out of 5 stars
Headphone,"JBL Quantum 100 Wired Over Ear Gaming Headphones with Mic, 40mm Dynamic Drivers, Quantum Sound Signature, Detachable Mic, Memory Foam Cushioning, PC/Mobile/PS/Xbox/Nintendo/VR Compatible (Blue)","1,999",3.9 out of 5 stars
Headphone,"boAt Rockerz 425 Bluetooth Wireless Over Ear Headphones with Mic with Signature Sound, Beast Mode(Upto 65Ms Low Latency) for Gaming Enx Tech, ASAP Charge 25H Playtime V5.2, Dual Pairing (Oceana Blue)","1,299",3.6 out of 5 stars
Headphone,"boAt Rockerz 430 W/ 40Mm Drivers, Beast Mode W/ 40Ms Latency, 40Hrs Playback, Enx Tech, Voice Assistant, Btv5.4, Adaptive Fit & Easy Access Controls, Bluetooth Over Ear Headphones(Sage Green)","1,299",3.3 out of 5 stars
Headphone,Marshall Monitor III Active Noise Canceling Over Ear Bluetooth Headphones,"29,999",4.4 out of 5 stars
Headphone,PHILIPS Audio Upbeat Tauh201 Wired On Ear Headphones with Mic (Black),"1,199",3.9 out of 5 stars
Headphone,"JBL C200SI, Premium in Ear Wired Earphones with Mic, Signature Sound, One Button Multi-Function Remote, Premium Metallic Finish, Angled Earbuds for Comfort fit (Gun Metal)",798,4.0 out of 5 stars
Headphone,CLAW SM Professional Studio Monitoring DJ Wired Over Ear Headphones with 2 Detachable Cables (2.8m Coiled Cable & 1.2m Straight Cable with Mic and in-line Controls) (SM50 Black),"2,090",4.3 out of 5 stars
Headphone,Blaupunkt BH61 Moksha True Active Noise Cancellation I Perfect ANC from The External Environment I HD Sound with Perfect Balance of Tones I High Sensitivity Mic I German Style & Long Usage Guarantee,"2,899",4.0 out of 5 stars
Headphone,"JBL Tune 310 Wired in Ear Type C Headphones, Hi-Res Audio with Digital-to-Analog Converter, 3-Button EQ Preset Remote with Microphone, Tangle-Free Flat Cable, Compatible with USB-C Devices (Black)","1,299",4.0 out of 5 stars
Laptop,"HP 15, AMD Ryzen 3 7320U (8GB LPDDR5, 512GB SSD) FHD, Anti-Glare, Micro-Edge, 15.6""/39.6cm, Win 11, Office 21, Silver, 1.59kg, fc0154AU, AMD Radeon Graphics, 1080p FHD Camera Laptop","29,990",4.0 out of 5 stars
Laptop,"Lenovo V15 G4 AMD Ryzen 5 7520U DOS 15.6 inch FHD Thin & Lite Laptop, AMD Graphics, 16GB DDR5 5500Mhz Ram, 512GB SSD,Dolby Audio,Premium Grey, 1 Year Onsite Brand Warranty","33,390",3.9 out of 5 stars
Laptop,HP 255 G10 ‎‎Laptop (AMD Athlon Silver 7120U/ 8GB RAM / 256GB SSD/Windows 11/15.6 INCH ASH Silver,"22,357",3.6 out of 5 stars
Laptop,"Lenovo {SmartChoice)Chromebook Intel Celeron N4500 (4GB RAM/64GB eMMC 5.1/11.6 Inch (29.46cm)/HD Display/2Wx2 Stereo Speakers/HD Camera/Chrome OS/Blue/1.21Kg), 82UY0014HA","13,990",4.1 out of 5 stars
Laptop,"HP 15, 13th Gen Intel Core i3-1315U (12GB DDR4, 512GB SSD) FHD, Anti-Glare, Micro-Edge, 15.6''/39.6cm, Win11, M365 Basic(1yr)* Office24, Silver, 1.59kg, fd0573TU, FHD Camera w/Shutter Laptop","38,490",3.7 out of 5 stars
Laptop,"Lenovo V15 G4 AMD Ryzen 5 7520U 15.6 inch FHD Thin & Lite Laptop, AMD Graphics, 16GB DDR5 5500Mhz Ram, 512GB SSD NVMe, Windows 11, Dolby Audio, Arctic Grey, 1 Year Onsite Brand Warranty","33,390",3.9 out of 5 stars
Laptop,"Acer Aspire 3 Laptop Intel Core Celeron N4500 Processor Laptop (8 GB LPDDR4X SDRAM/256 GB SSD/Win11 Home/38 WHR/HD Webcam) A324-45 with 35.56 cm (14"") HD Display, Pure Silver, 1.3 KG","20,990",3.4 out of 5 stars
Laptop,"ASUS Vivobook 15, Intel Core i3-1315U 13th Gen, 15.6"" (39.62 cms) FHD, Thin and Light Laptop (8GB RAM/512GB SSD/Win11/MS Office/Backlit Keyboard/Silver/1.7 kg), X1504VA-NJ320WS","33,600",4.1 out of 5 stars
Laptop,"Acer [SmartChoice Aspire 3 Laptop Intel Core Celeron N4500 Processor Laptop (8 GB LPDDR4X SDRAM/512 GB SSD/Win11 Home/38 WHR/HD Webcam) A325-45 with 39.63 cm (15.6"") HD Display, Pure Silver, 1.5 KG","23,990",3.4 out of 5 stars
Laptop,"HP 14 (2025), AMD Ryzen 5 7520U Quad Core - (8 GB/512 GB SSD/AMD Radeon Graphics/Windows 11 Pro) Thin and Light Business Laptop/14.0"" HD Display/Ash Grey/1.36 kg/MS Office 2021","28,990",4.0 out of 5 stars
Laptop,"Walker Best Student &Office Work Laptop|Thin & Light|14.1"" 1920 * 1080 Resolution FHD IPS Display |4GB RAM,128GB SSD|Celeron Processor N4020 (Gemini Lake)| Windows 11 Home | Silver","12,990",3.4 out of 5 stars
Laptop,"Dell 15 Thin & Light Laptop, 13th Generation Intel Core i3-1305U Processor, 8GB DDR4 + 512GB SSD, 15.6"" (39.62cm) FHD 120Hz 250 nits Display, Windows 11 + MSO'21, 12 Month McAfee, Grey, 1.69kg","35,490",4.0 out of 5 stars
Laptop,"Acer Aspire Lite, AMD Ryzen 3 7330U Processor, 8 GB RAM, 512 GB SSD, Full HD, 15.6""/39.62cm, Windows 11 Home, Steel Gray, 1.6KG, AL15-41, Metal Body, Premium Thin and Light Laptop","27,990",3.9 out of 5 stars
Laptop,"Lenovo V15 Intel Celeron N4500 15.6"" (39.62 cm) FHD (1920x1080) Antiglare 250 Nits Thin and Light Laptop (8GB RAM/256GB SSD/Windows 11 Home/Black/1Y Onsite/1.7 kg), 82QYA00MIN","22,999",3.9 out of 5 stars
Laptop,"Lenovo Smartchoice Ideapad Slim 3 13Th Gen Intel Core I7-13620H 15.3 Inch(38.8Cm) WUXGA IPS Laptop(16GB RAM/512GB SSD/Windows 11/Office Home 2024/Backlit Keyboard/1Yr ADP Free/Grey/1.6Kg),83K100CJIN","63,990",3.8 out of 5 stars
Laptop,"Lenovo V15 AMD Ryzen 7 7730U 15.6"" (39.62cm) FHD 250 Nits Antiglare Thin and Light Laptop (Free MS Office) Lifetime (16GB/512GB SSD/Windows 11/Iron Grey/1.65 Kg) 1 Year Brand Warranty, 83CRA01SIN","44,999",4.0 out of 5 stars
Laptop,"Lenovo Smartchoice Ideapad Slim 3 13Th Gen Intel Core I7-13620H 15.3 Inch(38.8Cm) WUXGA IPS Laptop(16GB RAM/512GB SSD/Windows 11/Office Home 2024/Backlit Keyboard/1Yr ADP Free/Grey/1.6Kg),83K100CJIN","63,990",3.8 out of 5 stars
Laptop,"Lenovo V15 AMD Ryzen 7 7730U 15.6"" (39.62cm) FHD 250 Nits Antiglare Thin and Light Laptop (Free MS Office) Lifetime (16GB/512GB SSD/Windows 11/Iron Grey/1.65 Kg) 1 Year Brand Warranty, 83CRA01SIN","44,999",4.0 out of 5 stars
Laptop,"Acer[SmartChoice Aspire Lite 12thGen Intel Core i5-12450H Premium Laptop(Win11Home/16GB RAM/512GB SSD/IntelUHD Graphics/MSO)AL15-52H, 39.62cm(15.6"") FHD IPS Display,Backlit Keyboard,Pure Silver, 1.7KG","44,999",4.0 out of 5 stars
Laptop,"JioBook 11 with Lifetime Office/Android 4G Laptop Mediatek 8788 (JioOS) / Octa-core/ 4GB RAM / 64 eMMC Storage/Thin and Light Laptop (11.6 inch, 990 Grams)/ Dual Band WiFi + SIM/Blue","12,990",3.0 out of 5 stars
Laptop,"HP 15, 13th Gen Intel Core i3-1315U Laptop (8GB DDR4,512GB SSD) Anti-Glare, Micro-Edge,15.6''/39.6cm, FHD, Win11,M365 Basic(1yr),Office Home24, Silver,1.59kg, FHD Camera w/Privacy Shutter, fd0569TU","34,990",4.1 out of 5 stars
Laptop,"Acer Aspire Lite, AMD Ryzen 3 7330U Processor, 16 GB RAM, 512GB SSD, Full HD, 15.6""/39.62cm, Windows 11 Home, Steel Gray, 1.59KG, AL15-41, Metal Body, Premium Thin and Light Laptop","29,990",3.9 out of 5 stars
Laptop,"Acer Aspire 3, Intel Core Celeron N4500, 8GB LPDDR4X, 512GB SSD, HD, 14""/35.56cm, Windows 11 Home, Pure Silver, 1.3KG, A324-45, HD Webcam, 38 WHR Laptop","21,990",3.4 out of 5 stars
Laptop,"Chuwi HeroBook Pro 14.1'' Intel Celeron N4020 Laptop with 8GB RAM, 256GB SSD, Windows 11, 1TB Expand, FHD IPS, Ultra Slim, USB3.0, Mini-HDMI, Webcam","17,990",3.4 out of 5 stars
Laptop,"Apple 2025 MacBook Air (13-inch, Apple M4 chip with 10-core CPU and 8-core GPU, 16GB Unified Memory, 256GB) - Midnight","90,900",4.6 out of 5 stars
Laptop,"Acer Aspire 3, 13th Gen, Intel Core i5-1334U Processor Laptop with 35.56 cm (14"") FHD LED-Backlit IPS Display (16GB RAM/512GB SSD/Intel Graphics/Win11Home) A324-53 Backlit Keyboard Steel Gray 1.45KG","42,980",4.1 out of 5 stars
Laptop,"HP 15, 13th Gen Intel Core i3-1315U Laptop (8GB DDR4, 512GB SSD) Anti-Glare, Micro-Edge, 15.6""/39.6cm, FHD, Win 11, MSO 21, Silver, 1.59kg, Intel UHD Graphics, 1080p FHD Camera, 15-fd0006TU/fd0186tu","37,000",3.7 out of 5 stars
Laptop,STRIFF Adjustable Laptop Tabletop Stand Patented Riser Ventilated Portable Foldable Compatible with MacBook Notebook Tablet Tray Desk Table Book with Free Phone Stand (Black),249,4.3 out of 5 stars
Laptop,"Dell Inspiron 3535, AMD Ryzen 5-7530U, 16 GB RAM, 512 GB SSD, FHD IPS 15.6""/39.62 cm, 120Hz, Windows 11, MS Office 2024, Platinum Silver, 1.67 kg, Thin & Light Laptop","42,840",3.8 out of 5 stars
Laptop,"ULTIMUS Pro Intel Celeron Dual Core Laptop 4GB RAM, 128GB M.2 Emmc Expandable~512GB Intel HD Graphics 2.0x1 3.0x1 USB HDMI Sd Card Slot ‎LPDDR4 Dual Speaker Dual Microphone Win 11 Home Gray, 1.2 kg","11,990",3.3 out of 5 stars
Laptop,"Lenovo ThinkBook 16 AMD Ryzen 5 7535HS (16GB RAM/512GB SSD/Win 11 Home/Office 2024/Backlit Keyboard/Fingerprint) 16"" WUXGA IPS 300 Nits Thin & Light Laptop/1Y Warranty/Aluminium Top/1.7kg, 21MWA0BSIN","46,800",3.8 out of 5 stars
Laptop,"ASUS TUF Gaming A15, AMD Ryzen 7 7435HS Gaming Laptop(NVIDIA RTX 3050-4GB/60W TGP/16GB RAM/512GB SSD/FHD/15.6""/144Hz/RGB KB/48WHr/Windows 11//Graphite Black/2.30 Kg) FA506NCR-HN054W","63,990",4.0 out of 5 stars
Laptop,"HP 15, 13th Gen Intel Core i5-1334U (16GB DDR4, 1TB SSD) FHD, Anti-Glare, Micro-Edge, 15.6''/39.6cm, Win11, M365(1yr)* Office24, Silver, 1.59kg, FD0552TU, Iris Xe, FHD Camera w/Shutter, Backlit Laptop","56,990",3.8 out of 5 stars
Laptop,"Dell Inspiron 15-3530 Laptop - 15.6 inch FHD, 13th Gen Intel Core i7-1355U, 16GB DDR4 RAM, 512GB SSD, Backlit Keyboard, Windows 11 Home, Platinum Silver, 1.62 Kg, 1 Year Onsite Hardware Service","67,990",4.0 out of 5 stars
Laptop,"Primebook 2 Neo 2025 (New Launch) Gen 2 | 6GB RAM, 128GB UFS 2.2 Storage | MediaTek Helio G99 | Android 15 (PrimeOS 3.0) | in-Built AI | 11.6” Thin & Light | Type-C, USB, MicroSD | Gray","15,990",4.7 out of 5 stars
Laptop,"hp Professional 14[New Launch], 13th Gen Intel Core i5-1334U Turbo Boost, 32GB DDR4, 512GB SSD, Win 11 Pro, MSO21 Pro, Anti-Glare IPS 14inch FHD Laptop, Finger Print, Backlit KB, Silver, 1.38kg","54,740",3.5 out of 5 stars
Laptop,"Acer [SmartChoice Aspire Lite AMD Ryzen 5-5625U Processor, 16 GB/512 GB, Full HD, 15.6""/39.62 cm, Windows 11 Home, Steel Gray, 1.59 kg, AL15-41, Metal Body, Thin and Light Laptop","34,490",3.9 out of 5 stars
Laptop,"Lenovo IdeaPad Slim 3, Intel Core i5-12450H, 12th Gen, 16GB RAM, 512GB SSD, FHD, 14""/35.5cm, Windows 11, MS Office Home 2024, Grey, 1.37Kg, 83EQ0072IN, 3 mon. Game Pass Laptop","49,350",3.8 out of 5 stars
Laptop,"Portronics My Buddy K Portable Laptop Stand with Adjustable Height, Foldable, OverHeating Protection for Laptops & MacBooks (Grey)",399,4.2 out of 5 stars
Laptop,"Lenovo Ideapad 1 AMD Ryzen 5 5625U (16GB RAM/512GB SSD/Windows 11/Office Home 2024/15.6 Inch (39.6Cm)/FHD IPS Display/3Months Game Pass/Grey/1.6Kg), 82R4011CIN/0DIN Laptop","37,990",4.1 out of 5 stars
Laptop,"HP Victus Gaming Laptop, AMD Ryzen 5 5600H, AMD 4GB Radeon RX 6500M Graphics, 15.6-inch (39.6 cm), FHD, IPS, 8GB DDR4, 512GB SSD, Backlit KB, B&O (Win 11, Blue, 2.29 kg), fb0147AX, fb0184ax","47,961",3.6 out of 5 stars
Laptop,"HP 15, 13th Gen Intel Core i5-1334U Laptop (16GB DDR4,512GB SSD) Anti-Glare, Micro-edge,15.6''/39.6cm, FHD, Win11,M365,Office24, Silver,1.59kg, Iris Xe Graphics, FHD Camera w/privacy shutter, fd0577TU","53,990",3.8 out of 5 stars
Laptop,"Dyazo Water Resistant Laptop Sleeve/Laptop case/laptop cover with Handle Compatible for 15 Inch to 15.6"" Inches laptops & Notebooks - Grey",299,4.3 out of 5 stars
Laptop,"HP 15 (2025), Intel Celeron Dual Core N4500 - (8 GB/256 GB SSD/Intel UHD Graphics/Windows 11 Pro) Thin and Light Business Laptop/15.6"" HD Display/Ash Grey/1.5 kg/MS Office 2021","22,690",3.4 out of 5 stars
Laptop,"Lenovo IdeaPad 1 N4500 15.6 inch (39.6cm) HD Laptop (8GB RAM/512GB SSD/Windows 11/3 Month Game Pass/Grey/1.55Kg), 82LX00F7IN","24,690",2.5 out of 5 stars
Laptop,"HP 15, Intel Ultra 5 125H (16GB DDR5, 1TB SSD) FHD, IPS, 15.6''/39.6cm, Win11, M365 Basic(1yr)* Office24, Silver, 1.65kg, fd1255TU, Intel Arc Graphics, FHD Camera w/Shutter, AI Powered Laptop","68,990",3.2 out of 5 stars
Laptop,"Dell Inspiron 3530, Intel Core i5-1334U, 13th Gen, 16GB RAM, 1TB SSD, FHD, 15.6""/39.62cm, Windows 11, MS Office 24, Silver, 1.62KG, Backlit Keyboard, McAfee 15 Month, Thin & Light Laptop","58,990",3.9 out of 5 stars
Laptop,"HP 15, AMD Ryzen 7 5825U (16GB DDR4, 512GB SSD) FHD, Anti-Glare, Micro-Edge,15.6''/39.6cm, Win11, M365(1yr)* Office24, Silver, 1.59kg, fc0476AU, Radeon Graphics, FHD Camera w/Shutter, Backlit Laptop","48,990",3.8 out of 5 stars
Laptop,"Dell Inspiron 3530, Intel Core i5-1334U, 13th Gen, 16GB RAM, 1TB SSD, FHD, 15.6""/39.62cm, Windows 11, MS Office 24, Silver, 1.62KG, Backlit Keyboard, McAfee 15 Month, Thin & Light Laptop","58,990",3.9 out of 5 stars
Laptop,"HP 15, AMD Ryzen 7 5825U (16GB DDR4, 512GB SSD) FHD, Anti-Glare, Micro-Edge,15.6''/39.6cm, Win11, M365(1yr)* Office24, Silver, 1.59kg, fc0476AU, Radeon Graphics, FHD Camera w/Shutter, Backlit Laptop","48,990",3.8 out of 5 stars
Laptop,"ASUS Vivobook Go 14, AMD Ryzen 5 7520U,Thin & Light Laptop (AMD Radeon iGPU/16GB RAM/512GB SSD/FHD/14/60Hz/42WHrs/Windows 11/M365 Basic (1Year)*/Office Home 2024/Mixed Black/1.38 kg) E1404FA-NK5542WS","39,990",4.0 out of 5 stars
Laptop,"DELL Wyse 5470 (2025) Intel Celeron Quad Core N4100 - (8 GB/256 GB SSD/16 GB EMMC Storage/Intel UHD Graphics/Windows 11 Home) Thin and Light Business Laptop/14.0"" HD Display/Black/1.4 kg/MSO 2021","23,990",3.8 out of 5 stars
Laptop,"HP Victus, AMD Ryzen 9-8945HS, 8GB RTX 4060, Upgrade (Upto 32GB) 16GB RAM, 1TB SSD, 144Hz, 300nits, IPS, 15.6""/39.6cm, FHD, Win11, M365* Office 24, Blue, 2.29Kg, Backlit, fb3025AX, AI Gaming Laptop","1,00,990",3.9 out of 5 stars
Laptop,"ZEBRONICS Aluminium Alloy Laptop Stand, Compatible with 9-15.6 inch Laptops, 7 Angles Adjustable, Anti Slip Silicon Rubber Pads, Foldable, Velvet Pouch Inside, Zeb-NS2000 (Dark Grey)",399,4.1 out of 5 stars
Laptop,"acer AspireGo14, Intel Core Ultra5 125H(14thgen) AI Processor,16 GB/1TB, WUXGA IPS, 14.0""/35.56 cm, Win 11 Home, MS Office, Steel Gray, 1.5 kg, AG14-71M,Privacy Shutter,Backlit KB, Premium Laptop","61,999",3.9 out of 5 stars
Laptop,"Lenovo IdeaPad Pro 5, Intel Core Ultra 9 185H, 32GB RAM, 1TB SSD, 2.8K-OLED 400Nits 120Hz, 14""/35.5cm, Windows 11, MS Office 21, Grey, 1.4Kg, 83D2001GIN,IntelArc GPU, FHD+IRCam, AI Powered Laptop","1,12,990",4.2 out of 5 stars
Laptop,"HP 15s, 12th Gen Intel Core i3-1215U (8GB DDR4, 512GB SSD) Anti-Glare, 15.6""/39.6cm,FHD, Win 11, MS Office 21, Silver, 1.69kg, fy5006tu/fd0751tu/fd0752tu, UHD Graphics, HD Camera, Dual Speakers Laptop","32,990",4.0 out of 5 stars
Laptop,"Dyazo 6 Angles Adjustable Aluminum Ergonomic Foldable Portable Tabletop Laptop/Desktop Riser Stand Holder Compatible for MacBook, HP, Dell, Lenovo & All Other Notebook (Silver)",369,4.3 out of 5 stars
Laptop,"HP 15, Ci7-13620H 13th Gen Laptop (16GB DDR4, 512GB SSD) Anti-Glare, Micro-Edge, 15.6''/39.6cm, FHD, Win11, M365 Basic(1yr), Office Home24, Silver,1.65kg, FHD Camera W P. Shutter, Backlit","65,990",4.1 out of 5 stars
Laptop,"Walker Thin & Light Laptop,14.1""(4GB RAM,128GB SSD)| FHD IPS Display 1920 * 1080 Resolution | Celeron Processor N4020 (Gemini Lake)| UHD Graphics 600|Webcam | Windows 11 Home | Champagne Gold",N/A,3.4 out of 5 stars
Laptop,"Dell 15 13th Gen Thin & Light Laptop, Intel Core i3-1305U, 15.6"" FHD 120Hz 250 nits Narrow Border Display, 16GB DDR4 RAM, 512GB, Intel UHD Graphics, Windows 11 + Office H&S 2024, Carbon Black, 1.66Kg","39,990",3.9 out of 5 stars
Laptop,"HP Victus, AMD Ryzen 7 7445HS, 6 GB RTX 3050,Upgrade (Upto 32GB) 16GB DDR5, 512GB SSD, FHD, 144Hz, 300 nits, IPS, 15.6''/39.6cm, Win 11, M365* Office24, Blue, 2.29kg, fb3134AX, Backlit, Gaming Laptop","69,990",4.6 out of 5 stars
Laptop,"MSI Thin 15, Intel 12th Gen. i7-12650H, 40CM FHD 144Hz Gaming Laptop (16GB/512GB NVMe SSD/Windows 11 Home/Office 2021/NVIDIA GeForce RTX 2050, GDDR6 4GB/Cosmos Gray/1.86Kg) B12UC-2242IN","62,750",N/A
Laptop,"Lenovo IdeaPad Slim 3, Intel Core i5-12450H, 12th Gen, 16GB RAM, 512GB SSD, FHD IPS, 14""/35.5cm, Windows 11, MS Office Home 2024, Grey, 1.37Kg, 83EQ0073IN, 1Yr ADP Free, Thin & Light Laptop","47,900",3.8 out of 5 stars
Laptop,"HP Pavilion x360, 13th Gen Intel Core i5-1335U (16GB DDR4, 512GB SSD) Touchscreen, 14""/35.6cm, FHD, Win 11, Office 21, Silver, 1.51kg, ek1074tu/1148tu, Iris Xe, FPR, 5MP Camera, Backlit KB Laptop","66,935",3.7 out of 5 stars
Laptop,"Acer Aspire 3 Intel Core i3-1215U Processor Laptop with 35.56 cm (14"") Full HD LED-Backlit IPS Display (16 GB RAM/512 GB SSD/WiFi 6/Intel Graphics/Win11 Home/65W) A324-51, Steel Gray, 1.45KG","29,980",4.1 out of 5 stars
Laptop,"HP Omen, 14th Gen Intel Core i7-14650HX, 8GB RTX 5050 (24GB DDR5, 1TB SSD) WUXGA, 2k, 165Hz, 3ms, 400 nits, 16''/40.6cm, Win11, M365* Office24, Black, 2.43kg, am0241TX, RGB Backlit, Gaming Laptop","1,38,990",1.0 out of 5 stars
Laptop,ULTIMUS APEX Laptop Intel Celeron Dual Core 8 GB LPDDR4 512 GB SSD Expandable~1TB 14.1 FHD IPS Laptop Anti-Glare Ultra Thin Bezel 180° Hinge 3.0x3 USB HDMI SD Card Slot Win 11 Home 1.25KG Silver,"17,990",3.5 out of 5 stars
Laptop,"Lenovo LOQ 2024 13th Gen Core i7-13650HX | NVIDIA RTX 4060 8GB (24GB RAM/512GB SSD/15.6"" (39.6cm)/Windows 11/Office Home 2024/100% sRGB/3 Mon. Game Pass/Grey/2.4Kg), 83DV00X8IN Gaming Laptop","1,00,490",3.6 out of 5 stars
Laptop,"ASUS Vivobook 15, 15.6"" FHD (1920 x 1080), Intel Core i3-1315U, (8GB RAM/512GB SSD/Intel UHD iGPU/Windows 11/M365 Basic (1Year)*/Office Home 2024/Quiet Blue/1.7 Kg), X1504VA-NJ3321WS","33,990",4.1 out of 5 stars
Laptop,"Dyazo Water Resistant Laptop Sleeve | Laptop Case Cover for 15 Inches(38cm),15.6 Inch(39.6cm) Laptops & Notebook (Black)",299,4.3 out of 5 stars
Laptop,"ASUS Vivobook Go 14, AMD Ryzen 3 7320U,Thin & Light (AMD Radeon iGPU/8GB RAM/512GB SSD/FHD/14/60Hz/42WHrs/Windows 11/M365 Basic (1Year)*/Office Home 2024/Mixed Black/1.38 kg) E1404FA-NK3325WS","30,990",4.1 out of 5 stars
Laptop,"Lenovo V15 Intel Core i5 12th Gen 15.6"" (39.62 cm) FHD (1920x1080) Antiglare 250 nits Thin and Light Laptop (8GB RAM/512GB SSD/DOS/Iron Grey/1.7 kg), 82TT004VIH","40,695",4.7 out of 5 stars
Laptop,"HP 15 (2025), AMD Ryzen 3 7320U Quad Core - (16 GB/512 GB SSD/AMD Radeon Graphics/Windows 11 Pro) Thin and Light Business Laptop/15.6"" FHD Display/Turbo Silver/1.5 kg/MS Office 2021","28,790",N/A
Laptop,"HP 15, 13th Gen Intel Core i7-1355U (16GB DDR4, 512GB SSD) FHD, Anti-Glare, 15.6’’/39.6cm, Win11, M365(1yr)* Office 24, Silver, 1.59kg, Iris Xe, FHD Camera w/Shutter, Backlit Laptop fd0468tu/fd0515tu","65,990",3.7 out of 5 stars
Laptop,"Acer [SmartChoice Aspire 3 Laptop Intel Core Celeron N4500 Processor Laptop (8 GB LPDDR4X SDRAM/256 GB SSD/Win11 Home/38 WHR/HD Webcam) A325-45 with 39.63 cm (15.6"") HD Display, Pure Silver, 1.5 KG","22,990",3.4 out of 5 stars
Laptop,"HP Smartchoice Omen AMD Ryzen 7 7840Hs, 8GB RTX 4060 (16GB DDR5, 1TB SSD) FHD, 165Hz, 300Nits, IPS, 16.1''/40.9cm, Win11, Office 21, Black, 2.32kg, Xd0020ax, RGB kb, Tempest Cooling, AI Gaming Laptop","1,05,990",3.9 out of 5 stars
Laptop,"Samsung Galaxy Book4 (Silver, 16GB RAM, 512GB SSD) | 15.6"" Full HD Screen | Intel Core 5 120U Processor | Windows 11 Home | MS Office 2021 | Fingerprint Reader | Intel Iris XE Graphics | RJ45 LAN Port","50,299",4.2 out of 5 stars
Laptop,"Lenovo IdeaPad 5 2-in-1 Intel Core Ultra 5 225H (16GB RAM/1TB SSD/14 (35.5cm)/WUXGA IPS/Windows 11/Office Home 2024/Lenovo Digital Pen 2/1Yr ADP/Grey/1.6Kg), 83KR000HIN Convertible Laptop","90,190",N/A
Laptop,"ASUS Vivobook 16X,Intel Core i7-13620H,Creator/Gaming Laptop(RTX 3050-4GB/16GB RAM/512GB SSD/FHD+/16""/144Hz/Backlit Keyboard/M365 Basic (1Year)*/Office Home 2024/Cool Silver/1.8 Kg) K3605VC-RP492WS","73,990",4.0 out of 5 stars
Laptop,"HP 15, 13th Gen Intel Core i5-1334U Laptop (16GB DDR4,512GB SSD) Anti-Glare, Micro-edge,15.6''/39.6cm, FHD, Win11,M365,Office24, Silver,1.59kg, Iris Xe Graphics, FHD Camera w/privacy shutter, fd0577TU","53,990",3.8 out of 5 stars
Laptop,"HP OmniBook 5 OLED (Previously Pavilion), QC Snapdragon X (16GB LPDDR5x, 512GB SSD) 2K, 14''/35.6cm, Win11, M365 Basic(1yr)* Office24, Silver, 1.35kg, he0014QU, Ultra Light-Weight, Next-Gen AI Laptop","67,990",3.9 out of 5 stars
Laptop,"Lenovo 15 (2025), AMD Ryzen 5 7520U Quad Core - (16 GB/512 GB SSD/AMD Radeon 610M Graphics/Windows 11 Pro) Thin and Light Business Laptop/15.6"" FHD Display/Arctic Grey/1.6 kg/MS Office 2021","33,380",N/A
Laptop,"Lenovo V14 G3 14"" FHD Laptop, Intel Core i5-1235U, 16GB DDR4 RAM, 512GB SSD, Intel Iris Xe Graphics, Windows 11, Ms-Office Lifetime Validity, Iron Grey,1.6kg, 1 Year Onsite Brand Warranty","42,999",3.4 out of 5 stars
Laptop,"HP 15, 13th Gen Intel Core i5-1334U Laptop (16GB DDR4, 512GB SSD) Anti-Glare, 15.6""/39.6cm, FHD, Win 11, MS Office 21, Silver, 1.59kg, Intel Iris Xe Graphics, 1080p FHD Camera, Backlit KB, fd0221TU","50,900",3.8 out of 5 stars
Laptop,"HP 255 G10, AMD Ryzen 3 7320U Quad Core -(16 GB RAM /512 GB SSD/AMD Radeon Graphics) Thin and Light Business Laptop/15.6"" HD Display/Turbo Silver/1.5 kg","28,290",5.0 out of 5 stars
Laptop,"ASUS Gaming V16 (2025) with Office 2024 + M365 Basic*, AI PC, Intel Core 5 210H(16GB RAM/512GB SSD/Windows 11 Home/6GB Graphics/RTX 4050/144 Hz)Gaming Laptop (16"", Matte Black,1.95 Kg),V3607VU-RP550WS","76,990",3.7 out of 5 stars
Laptop,"Acer Aspire Lite, AMD Ryzen 7 7730U Processor, 16 GB RAM, 512 GB SSD, Full HD IPS, 15.6""/39.62 cm, Windows 11 Home, MSO, Steel Gray, 1.59 kg, AL15-41, Thin and Light Laptop","42,999",3.9 out of 5 stars
Laptop,"Apple MacBook Air Laptop: Apple M1 chip, 13.3-inch/33.74 cm Retina Display, 8GB RAM, 256GB SSD Storage, Backlit Keyboard, FaceTime HD Camera, Touch ID. Works with iPhone/iPad; Space Grey","54,990",4.6 out of 5 stars
Laptop,"HP Pavilion 16, Intel Core Ultra 5 125U (14th Generation) 16 GB LPDDR5-6400,1TB SSD,16-inch (40 cm), WUXGA, 300 nits, 1080p FHD IR Camera, Backlit Kb, (Win 11 + Office, Silver, 1.77 kg), 16-af0056TU","65,990",3.8 out of 5 stars
Laptop,"ASUS Zenbook A14 OLED (2025),Qualcomm Snapdragon X, Copilot+PC, 0.9kg Light-Weight, 14""""(35.6 cm),32hrs Battery Life*(16GB/512GB/Windows 11/MSO 2024/M365 Basic-1yr/AI PC/Metal Body/UX3407QA-QD258WS)","86,990",3.5 out of 5 stars
Laptop,"ASUS Vivobook 16,Snapdragon X,Copilot+ AI PC(Qualcomm Adreno iGPU/45TOPS/16GB RAM/512GB SSD/FHD+/16""/Backlit Keyboard/Windows 11/M365 Basic (1Year)*/Office Home 2024/Quiet Blue/1.88 kg)X1607QA-MB049WS","57,990",4.0 out of 5 stars
Laptop,"ASUS Vivobook 15,13th Gen,Intel Core i7-13620H(Intel UHD iGPU/16GB RAM/1TB SSD/FHD/15.6""/60Hz/Backlit Keyboard/42Whr/Windows 11/M365 Basic (1Year)*/Office Home 2024/Quiet Blue/1.7 Kg)X1502VA-BQ1298WS","65,799",4.1 out of 5 stars
Laptop,"Lenovo IdeaPad Slim 3 12th Gen Intel® Core™ i5-12450H 15.6 inch (39.6cm) FHD Laptop (16GB/512GB SSD/Windows 11/Office 2024/Alexa Built-in/1Yr ADP Free/3 Month Game Pass/Arctic Grey/1.62Kg), 83ER00KPIN","48,899",3.8 out of 5 stars
Laptop,"ASUS [Smartchoice] ROG Strix G16, 16""(40.64cm) FHD+ 165Hz, 13th Gen Core i7-13650HX,Gaming Laptop(16GB RAM/1TB SSD/NVIDIA GeForce RTX 4060 /Windows 11/Office 21/Eclipse Gray/2.50 Kg), G614JV-N3474WS","1,29,990",3.8 out of 5 stars
Laptop,"Dell Inspiron 3530 Laptop, 13th Gen Intel Core i5-1334U Processor, 16GB, 512GB SSD, 15.6""(39.62cm) FHD 120Hz 250 nits, Backlit KB, Windows 11 + MSO'24 & 15 Month McAfee, Silver, Thin & Light- 1.62kg","54,490",3.6 out of 5 stars
Laptop,"ASUS Vivobook 14, 14"" FHD (1920 x 1080), Intel Core i5-1334U Processor, (8GB RAM/512GB SSD/Intel UHD/Win 11/M365 Basic (1Year)*/Backlit Keyboard/Office Home 2024/Silver/1.40 kg), X1404VA-NK804WS","43,990",3.9 out of 5 stars
Laptop,"Lenovo V14 G3, 12th Gen Intel Core i7-1255U Upto 4.70Ghz (16GB RAM/512GB SSD/Windows 11) 14.0"" FHD Display Thin and Light Laptop/Iron Grey /1.70 kg 1 Year Onsite Brand Warranty","52,500",3.9 out of 5 stars
Laptop,"ASUS TUF Gaming A15, AMD Ryzen 7 7435HS, 15.6-inch FHD 144Hz, Gaming Laptop (16GB/512GB SSD/NVIDIA GeForce RTX 4050/Windows 11/90WHr/Mecha Gray/2.2 Kg), FA507NUR-LP082W","83,990",3.9 out of 5 stars
Laptop,"Lenovo Smartchoice LOQ AMD Ryzen 7 7435HS, NVIDIA RTX 4050-6GB, 24GB RAM, 512GB SSD, 15.6""/39.6cm, Windows 11, MS Office Home 2024, Grey, 2.4Kg, 83JC00EGIN, 100% sRGB, 3 Mon. Game Pass Gaming Laptop","81,490",4.2 out of 5 stars
Laptop,"Dell 15 Thin & Light Laptop, 13th Gen Intel Core i3-1305U Processor, 8GB DDR4, 512GB SSD, 15.6"" (39.62cm) FHD 120Hz 250 nits, Intel UHD Graphics, Windows 11 + MSO'21, 15 Months McAfee, Black, 1.66kg","34,990",4.0 out of 5 stars
Laptop,"Dell 15 Thin & Light Laptop, 13th Generation Intel Core i3-1305U Processor, 8GB DDR4 + 512GB SSD, 15.6"" (39.62cm) FHD 120Hz 250 nits Display, Windows 11 + MSO'21, 12 Month McAfee, Grey, 1.69kg","35,490",4.0 out of 5 stars
Laptop,"ASUS Vivobook Go 15 (2023), AMD Ryzen 5 7520U, 15.6"" (39.62 cm) FHD, Thin and Light Laptop (16GB/512GB SSD/Integrated Graphics/Windows 11/Office 2021/Black/1.8 Kg), E1504FA-NJ549WS","39,950",4.3 out of 5 stars
Laptop,"Lenovo IdeaPad Slim 3 Ryzen 7 5825U 15.6"" (39.6cm) FHD Thin and Light Laptop (16GB RAM/512GB SSD/Integrated AMD Radeon Graphics/Windows 11/Office Home 2024/Grey/1.6Kg), 82XM00MVIN","47,190",5.0 out of 5 stars
Laptop,"ASUS Vivobook 15,13th Gen,Intel Core i3-1315U (Intel UHD /16GB RAM/512GB SSD/FHD/15.6""/60Hz/Win 11/M365 Basic (1Year)*/Backlit Keyboard/Office Home 2024/Quiet Blue/1.70 kg) X1504VA-NJ2325WS","35,989",3.8 out of 5 stars
Laptop,"Lenovo ThinkPad E14 AMD Ryzen 5 7530U 14"" (35.56 cm) WUXGA IPS 300 Nits Thin and Light Laptop (8GB RAM/512GB SSD/Win 11 Home/AMD Radeon Graphics/Backlit/FPR/Office H&S 2021/Black/1.41 kg), 21JRS00T00","47,669",4.0 out of 5 stars
Laptop,"HP 15, AMD Ryzen 5 7520U (8GB LPDDR5, 512GB SSD) Anti-Glare, FHD,15.6-inch (39.6 cm) Win 11, Office 21, FHD Camera with Privacy Shutter,15s-fc0155AU","34,990",3.5 out of 5 stars
Laptop,"Acer ALG, Intel Core i5 13th Gen - 13420H, NVIDIA GeForce RTX 3050-6GB, 16GB RAM, 512GB SSD, FHD 15.6""/39.62cm, 144Hz, Windows 11 Home, Steel Gray, 1.99kg, AL15G-53 Gaming Laptop","61,999",3.9 out of 5 stars
Laptop,"Apple 2025 MacBook Air (13-inch, Apple M4 chip with 10-core CPU and 8-core GPU, 16GB Unified Memory, 256GB) - Sky Blue","90,900",4.6 out of 5 stars
Laptop,"HP Professional 15, 5th Gen Intel Core Celeron-N4500 Turbo Boost, 2GB DDR4, 128GB SSD, Windows 11 Pro Business Laptop","22,400",3.8 out of 5 stars
Laptop,"ASUS Vivobook 15,13th Gen,Intel Core i7-13620H(Intel UHD iGPU/16GB RAM/512GB SSD/FHD/15.6""/60Hz/Backlit Keyboard/Windows 11/M365 Basic (1Year)*/Office Home 2024/Quiet Blue/1.70 kg) X1502VA-BQ838WS","60,990",3.5 out of 5 stars
Laptop,"Lenovo V15 AMD Ryzen 7 7730U 15.6"" (39.62cm) FHD 250 Nits Antiglare Thin and Light Laptop (16GB/512GB SSD/Windows 11/Iron Grey/1.65 Kg) Grey","42,999",4.0 out of 5 stars
Laptop,"Lenovo GX20K78585 65W Laptop Adapter/Charger with Power Cord for Select Models of (Round pin), Black","1,219",4.2 out of 5 stars
Laptop,"Acer Aspire Lite, 13th Gen, Intel Core i3-1305U, 8GB RAM, 512GB SSD, Full HD, 15.6""/39.62cm, Windows 11 Home, Steel Gray, 1.59KG, AL15-53, Metal Body, 36 WHR, Thin and Light Premium Laptop","30,990",3.9 out of 5 stars
Laptop,"HP Victus, 13th Gen Intel Core i5-13420H, 6GB RTX 3050,16GB DDR4 Upgrade (Upto 32GB) 512GB SSD, FHD,144Hz,300 nits,IPS, 15.6''/39.6cm, Win11, M365* Office24, Mica Silver,2.3kg, fa2700TX, Gaming Laptop","69,990",3.3 out of 5 stars
Laptop,"Tygot 6 Angles Adjustable Aluminum Ergonomic Foldable Portable Tabletop Laptop/Desktop Riser Stand Holder Compatible for MacBook, HP, Dell, Lenovo & All Other Notebook (Grey)",299,4.1 out of 5 stars
Laptop,"Dyazo 6 Angle Foldable & Portable Laptop Riser Stand Made with Aluminum Alloy |Compatible for Dell, Mac Book Air/Pro, Lenovo Acer Hp Asus & Other Laptop from 11.6 inch to 15.6 Inches- Black",389,4.3 out of 5 stars
Laptop,"hp 14, 13th Gen Intel Core i7-1355U Turbo Boost, 32GB DDR4, 1TB SSD, (Win 11 Pro, Office 21, Silver, 1.36kg), Anti-Glare, 14-inch(35.56cm) FHD Laptop, Iris Xe Graphics, Backlit Keyboard 240 G10","87,999",3.4 out of 5 stars
Laptop,"hp 14, 13th Gen Intel Core i7-1355U Turbo Boost, 32GB DDR4, 1TB SSD, (Win 11 Pro, Office 21, Silver, 1.36kg), Anti-Glare, 14-inch(35.56cm) FHD Laptop, Iris Xe Graphics, Backlit Keyboard 240 G10","87,999",3.4 out of 5 stars
Laptop,"Acer Aspire 3, 13th Gen, Intel Core i3-1305U, 8GB RAM, 512GB SSD, Full HD 14""/35.56cm, Windows 11 Home, Steel Gray, 1.45KG, A324-53, WiFi 6, Intel Graphics, 65W Battery Laptop","29,990",3.6 out of 5 stars
Laptop,"HP Laptop 240R G9 (2024), Intel Core i3 13th Gen 1315U - (16GB/512GB SSD/Intel UHD Graphics/Windows 11 Home) Thin and Light Business Laptop/14 (35.56cm)/Ash Grey/1.47 kg/MS Office 2021","34,700",3.4 out of 5 stars
Laptop,"HP Victus Gaming, 13th Gen Intel Core i5-13420H, 6GB NVIDIA RTX 3050,16GB DDR4, 512GB SSD, 15.6"", 144Hz, 9MS, IPS, FHD Gaming Laptop, Backlit KB (Win 11, Office 21, Silver, 2.29kg) fa1198TX","66,990",3.9 out of 5 stars
Laptop,"HP 15, AMD Ryzen 5 7520U, 16GB DDR5, 512GB SSD, (Win 11, Office 21, Silver, 1.59kg), Anti-Glare, Micro-Edge, 15.6-inch(39.6cm), FHD Laptop, AMD Radeon Graphics, 1080p FHD Camera, Backlit KB, fc0156AU","40,990",3.5 out of 5 stars
Laptop,"Sounce 3 in 1 Cleaning Set for Screen PC, Laptops, Monitors, Mobiles, LCD, LED, TV/Professional Quality/Prevents Static Electricity, 100ml with Micro Fiber Cloth and Soft Brush",149,4.2 out of 5 stars
Laptop,"Stealth 14 AI Studio, Intel Core Ultra 7 155H, Built-in AI,36CM 2.8K OLED 120Hz Gaming Laptop(32GB/1TB NVMe SSD/Windows 11 Home/NVIDIA GeForce RTX 4070, GDDR6 8GB /Star Blue/1.7Kg), A1VGG-054IN","1,77,319",3.2 out of 5 stars
Laptop,"ZEBRONICS Zeb-Jaguar Wireless Mouse, 2.4GHz with USB Nano Receiver, High Precision Optical Tracking, 4 Buttons, Plug & Play, Ambidextrous, for PC/Mac/Laptop (Black+Grey)",299,3.9 out of 5 stars
Laptop,"HP 15s, AMD Ryzen 5 5500U (8GB DDR4, 512GB SSD) FHD, Anti-Glare, 15.6''/39.6 cm, Win 11, Office 21, Silver, 1.69 kg, eq2144AU, AMD Radeon Graphics, HD Camera, Dual Speakers Laptop","36,090",4.1 out of 5 stars
Laptop,"Dell G-series-15-5530-laptop - 15.6-inch FHD, Intel Core i5-13450HX, 16GB DDR5 RAM, 1TB SSD, NVIDIA GeForce RTX 3050, Orange Backlit Keyboard & G-Key, Windows 11 Home, Dark Shadow Gray, 2.65 Kg","74,990",4.0 out of 5 stars
Laptop,"Acer Chromebook, Intel Celeron N4500, 8GB RAM, 128GB Storage, Full HD, 15.6""/39.6cm, Chrome OS, Silver, 1.6KG, CB315-4H, WiFi 6,3 Months Google One AI Premium Plan& 2TB Cloud Storage AI Powered Laptop","20,990",3.7 out of 5 stars
Laptop,Lenovo V15 Intel Celeron n4500 FHD 15.6 inch Laptop / 8GB DDR4 Ram and 256GB NVME SSD/Intel UHD Graphics/Windows 11 & MS-Office/Privacy Shutter/Black / 1.6kg / 1 Year Brand Warranty,"23,980",3.7 out of 5 stars
Laptop,"HP 15 AMD Ryzen 3 7320U (8GB Ram/512GB SSD/Fhd/15.6"" (39.6 Cm)/Backlit Keyboard/Windows 11/Ms Office 21/1.59Kg/Silver) Fc0026Au Laptop","33,990",4.1 out of 5 stars
Laptop,"HP Victus, 13th Gen i7-13620H, 6GB RTX 4050 (16GB DDR4, 512GB SSD) FHD, 144Hz, IPS, 15.6''/39.6cm, Win11, M365* Office24, Mica Silver, 2.29kg, fa2100TX/2103tx, Backlit, Enhanced Cooling, Gaming Laptop","87,990",2.6 out of 5 stars
Laptop,"HP OmniBook 5 OLED (Previously Pavilion), QC Snapdragon X (16GB LPDDR5x, 512GB SSD) 2K, 14''/35.6cm, Win11, M365 Basic(1yr)* Office24, Silver, 1.35kg, he0014QU, Ultra Light-Weight, Next-Gen AI Laptop","67,990",3.9 out of 5 stars
Laptop,"ASUS Vivobook 16X 12th Gen, Intel Core i5-12500H Creator/Gaming Laptop(NVIDIA RTX 2050-4GB/16GB/512GB/FHD+/16.0""/144Hz/Windows 11/M365 Basic (1Year)*/Office Home 2024/Silver/1.67 kg) K3605ZF-RP458WS","56,990",4.0 out of 5 stars
Laptop,"HP Pavilion 13th Gen Intel Core i5-1340P (16GB RAM/512GB SSD) FHD, 15.6” (39.6cm), Windows 11/MS Office 21, Silver,1.74kg, eg3027TU 720p HD Camera, Backlit Keyboard, Audio by B&O Laptop","60,990",4.0 out of 5 stars
Laptop,"HP 15, 13th Gen Intel Core i3-1315U (8GB DDR4, 512GB SSD), Anti-Glare, Micro-Edge, 15.6''/39.6cm, FHD, Win 11, M365 Basic(1yr)* Office2024, Silver, 1.59kg, fd0465TU, UHD Graphics, FHD Camera Laptop","34,600",3.9 out of 5 stars
Laptop,"Lenovo LOQ 2024 12Th Gen Intel Core I5-12450HX | NVIDIA RTX 3050 6GB (16GB RAM/512GB SSD/15.6"" (39.6Cm)/Windows 11/Office Home 2024/100% Srgb/3 Mon. Game Pass/Grey/2.4Kg), 83GS00LNIN Gaming Laptop","70,490",4.0 out of 5 stars
Laptop,"ASUS Vivobook Go 14, 14"" FHD (1920 x 1080), AMD Ryzen 3 7320U Processor,(8GB RAM/512GB SSD/AMD Radeon iGPU/Windows 11/M365 Basic (1Year)*/Office Home 2024/Silver/1.38 kg), E1404FA-NK3321WS","30,790",4.1 out of 5 stars
Laptop,"Acer ALG, Intel Core i7-13th Gen 13620H Processor, NVIDIA GeForce RTX 3050-6GB(16GB/512GB) FHD, 39.62cm(15.6""), 144Hz, Windows 11 Home, Steel Gray, 1.99KG, AL15G-53, Premium Metal Body,Gaming Laptop","69,999",3.7 out of 5 stars
Laptop,"ASUS TUF F16, 14th Gen, Intel Core i7 14650HX, Gaming Laptop(RTX 5060-8GB/115W TGP/16GB/1TB /FHD+/16""/165Hz/90WHrs/Windows 11/M365 Basic (1Year)*/Office Home 2024/Jaeger Gray/2.2 Kg) FX608JMR-RV049WS","1,39,990",4.8 out of 5 stars
Laptop,"ASUS Gaming V16 (2025) with Office 2024 + M365 Basic*, AI PC, Intel Core 7 240H(16GB RAM/512GB SSD/Windows 11 Home/6GB Graphics/RTX 4050/144 Hz)Gaming Laptop (16"", Matte Black,1.95 Kg),V3607VU-RP275WS","87,990",3.7 out of 5 stars
Laptop,"Lenovo IdeaPad Pro 5 Intel Core Ultra 9 185H Built-in AI 14"" (35.5cm) 2.8K OLED 400Nits 120Hz Laptop (32GB RAM/1TB SSD/Windows 11/Office Home 2024/1Yr ADP Free/Grey/1.46Kg), 83D2004XIN","99,990",3.8 out of 5 stars
Laptop,"Lenovo V15 G4 AMD Athlon Silver 7120U Laptop 8GB LPDDR5 Ram, 512 GB SSD PCIe, Windows 11 Lifetime Validity,15.6"" FHD Screen, AMD Radeon 610M, Silver, 1 Year Brand Warranty",N/A,4.1 out of 5 stars
Laptop,"HP 15s, 12th Gen Intel Core i3-1215U (8GB DDR4, 512GB SSD) FHD, Anti-Glare, 15.6""/39.6cm, Win 11, Office 21, Silver, 1.69kg, fy5011TU, Intel UHD Graphics, HD Camera, Dual Speakers Laptop","34,490",3.8 out of 5 stars
Laptop,"Dell 15 Thin & Light Laptop, Intel Core i5-1235U Processor/16GB DDR4 + 512GB SSD/Intel UHD Graphics/15.6"" (39.62cm) FHD Display/Win 11 + MSO'21/15 Month McAfee/Carbon Black/Spill Resistant KB/1.69kg","49,490",3.7 out of 5 stars
Laptop,"HP 255 G10 7000 Series AMD Ryzen 5 Quad Core 7520U 2.8Ghz DOS Upto 4.3Ghz - (8 GB/512 GB SSD/AMD Radeon Graphics) 255 G10 Thin and Light Laptop (15.6 inch, Matt Silver, 1.45 kg)","32,750",3.0 out of 5 stars
Laptop,Portronics My Buddy K9 - Portable Laptop Stand - Adjustable Elevation Levels - Ventilated Anti-Slip Design - 360-degree Rotating Base(Black),899,4.2 out of 5 stars
Laptop,"Lenovo Smartchoice Yoga Slim 7 Aura Edition, Intel Core Ultra 7 258V, 47 Tops, Copilot+ AI PC, 32GB RAM, 1TB SSD, 15""(38.86cm), Windows 11, MS Office Home 2024, Grey, 1.53Kg, 83HM004NIN, AI Laptop","1,47,990",4.6 out of 5 stars
Laptop,"acer Professional 14 [New Launch], Intel Core i5-1334U Turbo Boost, 16GB DDR4 RAM, 512GB SSD, 14 Inch Full HD, Windows 11Pro, MSO21, 1.34KG, Metal Body, Privacy Shutter, Light Laptop, with Anti Virus","47,199",4.6 out of 5 stars
Laptop,"HP 15 (2025), Intel Core i3 13th Gen 1315U - (16 GB/512 GB SSD/Intel UHD Graphics/Windows 11 Home) Thin and Light Business Laptop/15.6"" HD Display/Ash Grey/1.5 kg/MS Office 2021","35,390",3.8 out of 5 stars
Laptop,"acer Professional 14 [New Launch], Intel Core i5-1334U Turbo Boost, 16GB DDR4 RAM, 512GB SSD, 14 Inch Full HD, Windows 11Pro, MSO21, 1.34KG, Metal Body, Privacy Shutter, Light Laptop, with Anti Virus","47,199",4.6 out of 5 stars
Laptop,"HP 15 (2025), Intel Core i3 13th Gen 1315U - (16 GB/512 GB SSD/Intel UHD Graphics/Windows 11 Home) Thin and Light Business Laptop/15.6"" HD Display/Ash Grey/1.5 kg/MS Office 2021","35,390",3.8 out of 5 stars
Laptop,"ASUS Vivobook 15,13th Gen,Intel Core i5-13420H(Intel UHD iGPU/16GB RAM/512GB SSD/FHD/15.6""/60Hz/Backlit Keyboard/Windows 11/M365 Basic (1Year)*/Office Home 2024/Quiet Blue/1.70 kg) X1502VA-BQ836WS","51,990",3.8 out of 5 stars
Laptop,"Dyazo Laptop Sleeve 15.6 inch Case, Water Repellent Polyester Neoprene Case with Accessory Pocket Compitable for MacBook, Dell, Lenovo & Other laptops, Notebooks Grey, (OnePOCKET 15.6 Grey)",379,4.0 out of 5 stars
Laptop,"Lenovo IdeaPad Slim 5 Ryzen 7 7735HS (16GB RAM/512GB SSD/Integrated AMD Radeon 680M Graphics/WUXGA IPS Display/13.3"" (33.7cm)/Windows 11/Office Home 2024/Backlit KB/Grey/1.15Kg), 83J2000HIN Laptop","61,900",3.9 out of 5 stars
Laptop,"ASUS Vivobook 15,13th Gen,Intel Core i5-1335U,Thin & Light (Intel Iris Xᵉ iGPU/16GB RAM/512GB SSD/FHD/15.6""/60Hz/Backlit Keyboard/42WHrs/Windows 11/Office 2021/Cool Silver/1.70 kg) X1504VA-NJ540WS","47,990",3.9 out of 5 stars
Laptop,"Portronics My Buddy K11 Metal Laptop Stand with 360° Rotation, Height & Angle Adjustable, Foldable Design, Improves Air Flow, Carbon Steel Body, 10 kg Max Weight for Laptops & MacBook (Black)",999,4.2 out of 5 stars
Laptop,"Lenovo 15 (2025), Intel Core i3 12th Gen 18 512 Slow","32,190",5.0 out of 5 stars
Laptop,"Lenovo LOQ AMD Ryzen 7 7435HS | NVIDIA RTX 3050A 4GB (24GB RAM/512GB SSD/144Hz Refresh Rate/15.6"" (39.6cm)/Windows 11/Office Home 2024/3 Mon. Game Pass/Grey/2.4Kg), 83JC00GDIN AI Gaming Laptop","67,990",4.3 out of 5 stars
Laptop,"ZEBRONICS Zeb-Jaguar Wireless Mouse, 2.4GHz with USB Nano Receiver, High Precision Optical Tracking, 4 Buttons, Plug & Play, Ambidextrous, for PC/Mac/Laptop (Light Blue+Grey)",299,4.0 out of 5 stars
Laptop,"Thomson 15.6 Inch In-N15I Windows 11, Intel Corei3 12Th Gen 1215U (8GB DDR / 512GB SSD/Backlight Keyboard) Window 11 (Stylish, 1.65Kg, Ultra Performance/Grey Brush) Notebook","23,048",2.3 out of 5 stars
Laptop,"DELL 14 (2025) Intel Core i3 13th Gen 1305U - (16 GB/512 GB SSD/Intel UHD Graphics/Windows 11 Home) Thin and Light Business Laptop/14.0"" FHD+ IPS Display/Ice Blue/1.4 kg/MSO 2021/1 Year ADP Warranty","34,780",N/A
Laptop,"Samsung Galaxy Book4 (Gray, 16GB RAM, 512GB SSD) | 15.6"" Full HD Screen | Intel Core i5 1335U Processor | Windows 11 Home | MS Office 2021 | Fingerprint Reader | Intel Iris XE Graphics | RJ45 LAN Port","52,990",4.2 out of 5 stars
Laptop,"ASUS Vivobook Go 14, AMD Ryzen 5 7520U,Thin & Light (AMD Radeon iGPU/16GB RAM/512GB SSD/FHD/14/60Hz/42WHrs/Windows 11/M365 Basic (1Year)*/Office Home 2024/Cool Silver/1.38 kg) E1404FA-NK5541WS","39,990",4.0 out of 5 stars
Laptop,"ASUS Vivobook S16,13th Gen,Intel Core i5-13420H,Metallic Design Laptop(Intel UHD iGPU/16GB RAM/512GB SSD/FHD+/16""/144Hz/Windows 11/M365 Basic(1Year)*/Office Home 2024/Cool Silver/1.7Kg)S3607VA-RP059WS","59,990",4.7 out of 5 stars
Laptop,"Lenovo Yoga Slim 7 Intel Core Ultra 5 125H 14""(35.5cm) WUXGA-OLED 400Nits Laptop (16GB RAM/512GB SSD/AI PC/2Wx4 Speakers/Windows 11/Office Home 2024/1Yr ADP Free/Grey/1.39Kg), 83CV0085IN","76,990",5.0 out of 5 stars
